-- Adminer 4.8.1 MySQL 11.4.2-MariaDB-ubu2404 dump

SET NAMES utf8;
SET time_zone = '+00:00';
SET foreign_key_checks = 0;
SET sql_mode = 'NO_AUTO_VALUE_ON_ZERO';

DROP TABLE IF EXISTS `doctrine_migration_versions`;
CREATE TABLE `doctrine_migration_versions` (
  `version` varchar(191) NOT NULL,
  `executed_at` datetime DEFAULT NULL,
  `execution_time` int(11) DEFAULT NULL,
  PRIMARY KEY (`version`)
) ENGINE=InnoDB DEFAULT CHARSET=utf8mb3 COLLATE=utf8mb3_unicode_ci;

INSERT INTO `doctrine_migration_versions` (`version`, `executed_at`, `execution_time`) VALUES
('DoctrineMigrations\\Version20220818185013',	'2022-08-19 16:09:06',	276),
('DoctrineMigrations\\Version20220819161614',	'2022-09-02 21:53:59',	755),
('DoctrineMigrations\\Version20220822171912',	'2022-09-02 21:54:00',	25),
('DoctrineMigrations\\Version20220916175800',	'2022-09-30 23:52:12',	124),
('DoctrineMigrations\\Version20230330222849',	'2023-07-02 23:42:29',	1246),
('DoctrineMigrations\\Version20230419130328',	'2023-07-02 23:42:30',	10),
('DoctrineMigrations\\Version20230804061527',	'2023-08-03 23:15:42',	112),
('DoctrineMigrations\\Version20230828113025',	'2023-08-28 04:30:57',	50),
('DoctrineMigrations\\Version20230828113303',	'2023-08-28 04:33:30',	172),
('DoctrineMigrations\\Version20230828114308',	'2023-08-28 04:43:28',	22),
('DoctrineMigrations\\Version20230912072624',	'2023-09-12 06:29:51',	29),
('DoctrineMigrations\\Version20230918145407',	'2023-09-29 04:14:30',	145),
('DoctrineMigrations\\Version20230920131556',	'2023-09-29 04:14:31',	5),
('DoctrineMigrations\\Version20230920135351',	'2023-09-29 04:14:31',	7),
('DoctrineMigrations\\Version20230922110911',	'2023-09-29 04:14:31',	6),
('DoctrineMigrations\\Version20230927115732',	'2023-09-29 04:14:31',	3),
('DoctrineMigrations\\Version20231004071122',	'2023-10-13 04:04:31',	68),
('DoctrineMigrations\\Version20231011082301',	'2023-10-13 04:04:31',	8);

SET NAMES utf8mb4;

DROP TABLE IF EXISTS `error_log`;
CREATE TABLE `error_log` (
  `id` int(11) NOT NULL AUTO_INCREMENT,
  `error_message` longtext DEFAULT NULL,
  `error_type` varchar(255) NOT NULL,
  `status_code` int(11) NOT NULL,
  `container_id` varchar(255) DEFAULT NULL,
  `created_at` datetime NOT NULL,
  PRIMARY KEY (`id`)
) ENGINE=InnoDB DEFAULT CHARSET=utf8mb4 COLLATE=utf8mb4_unicode_ci;

INSERT INTO `error_log` (`id`, `error_message`, `error_type`, `status_code`, `container_id`, `created_at`) VALUES
(1,	'Warning: Trying to access array offset on int /var/www/html/src/Containerizer/TwitchStreamerContainerizer.php 67',	'twitch_streamer_containerizer',	500,	'278',	'2024-07-03 05:18:05'),
(2,	'Warning: Trying to access array offset on int /var/www/html/src/Containerizer/TwitchStreamerContainerizer.php 67',	'twitch_streamer_containerizer',	500,	'316',	'2024-07-03 05:18:07'),
(3,	'Warning: Trying to access array offset on int /var/www/html/src/Containerizer/TwitchStreamerContainerizer.php 67',	'twitch_streamer_containerizer',	500,	'317',	'2024-07-03 05:18:07'),
(4,	'Warning: Trying to access array offset on int /var/www/html/src/Containerizer/TwitchStreamerContainerizer.php 67',	'twitch_streamer_containerizer',	500,	'318',	'2024-07-03 05:18:07'),
(5,	'Warning: Trying to access array offset on int /var/www/html/src/Containerizer/TwitchStreamerContainerizer.php 67',	'twitch_streamer_containerizer',	500,	'320',	'2024-07-03 05:18:07'),
(6,	'Warning: Trying to access array offset on int /var/www/html/src/Containerizer/TwitchStreamerContainerizer.php 67',	'twitch_streamer_containerizer',	500,	'321',	'2024-07-03 05:18:07'),
(7,	'Warning: Trying to access array offset on int /var/www/html/src/Containerizer/TwitchStreamerContainerizer.php 67',	'twitch_streamer_containerizer',	500,	'323',	'2024-07-03 05:18:08'),
(8,	'Warning: Trying to access array offset on int /var/www/html/src/Containerizer/TwitchStreamerContainerizer.php 67',	'twitch_streamer_containerizer',	500,	'324',	'2024-07-03 05:18:08'),
(9,	'Warning: Trying to access array offset on int /var/www/html/src/Containerizer/TwitchStreamerContainerizer.php 67',	'twitch_streamer_containerizer',	500,	'284',	'2024-07-03 05:18:12'),
(10,	'Warning: Trying to access array offset on int /var/www/html/src/Containerizer/TwitchStreamerContainerizer.php 67',	'twitch_streamer_containerizer',	500,	'285',	'2024-07-03 05:18:12'),
(11,	'Warning: Trying to access array offset on int /var/www/html/src/Containerizer/TwitchStreamerContainerizer.php 67',	'twitch_streamer_containerizer',	500,	'287',	'2024-07-03 05:18:12'),
(12,	'Warning: Trying to access array offset on int /var/www/html/src/Containerizer/TwitchStreamerContainerizer.php 67',	'twitch_streamer_containerizer',	500,	'289',	'2024-07-03 05:18:12'),
(13,	'Warning: Trying to access array offset on int /var/www/html/src/Containerizer/TwitchStreamerContainerizer.php 67',	'twitch_streamer_containerizer',	500,	'290',	'2024-07-03 05:18:12'),
(14,	'Warning: Trying to access array offset on int /var/www/html/src/Containerizer/TwitchStreamerContainerizer.php 67',	'twitch_streamer_containerizer',	500,	'291',	'2024-07-03 05:18:12'),
(15,	'Warning: Trying to access array offset on int /var/www/html/src/Containerizer/TwitchStreamerContainerizer.php 67',	'twitch_streamer_containerizer',	500,	'292',	'2024-07-03 05:18:12'),
(16,	'Warning: Trying to access array offset on int /var/www/html/src/Containerizer/TwitchStreamerContainerizer.php 67',	'twitch_streamer_containerizer',	500,	'293',	'2024-07-03 05:18:12'),
(17,	'Warning: Trying to access array offset on int /var/www/html/src/Containerizer/TwitchStreamerContainerizer.php 67',	'twitch_streamer_containerizer',	500,	'294',	'2024-07-03 05:18:12'),
(18,	'Warning: Trying to access array offset on int /var/www/html/src/Containerizer/TwitchStreamerContainerizer.php 67',	'twitch_streamer_containerizer',	500,	'295',	'2024-07-03 05:18:12'),
(19,	'Warning: Trying to access array offset on int /var/www/html/src/Containerizer/TwitchStreamerContainerizer.php 67',	'twitch_streamer_containerizer',	500,	'296',	'2024-07-03 05:18:12'),
(20,	'Warning: Trying to access array offset on int /var/www/html/src/Containerizer/TwitchStreamerContainerizer.php 67',	'twitch_streamer_containerizer',	500,	'297',	'2024-07-03 05:18:12'),
(21,	'Warning: Trying to access array offset on int /var/www/html/src/Containerizer/TwitchStreamerContainerizer.php 67',	'twitch_streamer_containerizer',	500,	'298',	'2024-07-03 05:18:12'),
(22,	'Warning: Trying to access array offset on int /var/www/html/src/Containerizer/TwitchStreamerContainerizer.php 67',	'twitch_streamer_containerizer',	500,	'299',	'2024-07-03 05:18:12'),
(23,	'Warning: Trying to access array offset on int /var/www/html/src/Containerizer/TwitchStreamerContainerizer.php 67',	'twitch_streamer_containerizer',	500,	'307',	'2024-07-03 05:18:16'),
(24,	'Warning: Trying to access array offset on int /var/www/html/src/Containerizer/TwitchStreamerContainerizer.php 67',	'twitch_streamer_containerizer',	500,	'328',	'2024-07-03 05:18:16'),
(25,	'Warning: Trying to access array offset on int /var/www/html/src/Containerizer/TwitchStreamerContainerizer.php 67',	'twitch_streamer_containerizer',	500,	'329',	'2024-07-03 05:18:16'),
(26,	'Warning: Trying to access array offset on int /var/www/html/src/Containerizer/TwitchStreamerContainerizer.php 67',	'twitch_streamer_containerizer',	500,	'332',	'2024-07-03 05:18:17'),
(27,	'Warning: Trying to access array offset on int /var/www/html/src/Containerizer/TwitchStreamerContainerizer.php 67',	'twitch_streamer_containerizer',	500,	'312',	'2024-07-03 05:18:18'),
(28,	'Warning: Trying to access array offset on int /var/www/html/src/Containerizer/TwitchStreamerContainerizer.php 67',	'twitch_streamer_containerizer',	500,	'337',	'2024-07-03 05:18:19'),
(29,	'Warning: Trying to access array offset on int /var/www/html/src/Containerizer/TwitchStreamerContainerizer.php 67',	'twitch_streamer_containerizer',	500,	'278',	'2024-07-03 23:01:49'),
(30,	'Warning: Trying to access array offset on int /var/www/html/src/Containerizer/TwitchStreamerContainerizer.php 67',	'twitch_streamer_containerizer',	500,	'316',	'2024-07-03 23:01:51'),
(31,	'Warning: Trying to access array offset on int /var/www/html/src/Containerizer/TwitchStreamerContainerizer.php 67',	'twitch_streamer_containerizer',	500,	'317',	'2024-07-03 23:01:51'),
(32,	'Warning: Trying to access array offset on int /var/www/html/src/Containerizer/TwitchStreamerContainerizer.php 67',	'twitch_streamer_containerizer',	500,	'318',	'2024-07-03 23:01:51'),
(33,	'Warning: Trying to access array offset on int /var/www/html/src/Containerizer/TwitchStreamerContainerizer.php 67',	'twitch_streamer_containerizer',	500,	'320',	'2024-07-03 23:01:52'),
(34,	'Warning: Trying to access array offset on int /var/www/html/src/Containerizer/TwitchStreamerContainerizer.php 67',	'twitch_streamer_containerizer',	500,	'321',	'2024-07-03 23:01:52'),
(35,	'Warning: Trying to access array offset on int /var/www/html/src/Containerizer/TwitchStreamerContainerizer.php 67',	'twitch_streamer_containerizer',	500,	'323',	'2024-07-03 23:01:53'),
(36,	'Warning: Trying to access array offset on int /var/www/html/src/Containerizer/TwitchStreamerContainerizer.php 67',	'twitch_streamer_containerizer',	500,	'324',	'2024-07-03 23:01:53'),
(37,	'Warning: Trying to access array offset on int /var/www/html/src/Containerizer/TwitchStreamerContainerizer.php 67',	'twitch_streamer_containerizer',	500,	'284',	'2024-07-03 23:01:56'),
(38,	'Warning: Trying to access array offset on int /var/www/html/src/Containerizer/TwitchStreamerContainerizer.php 67',	'twitch_streamer_containerizer',	500,	'285',	'2024-07-03 23:01:56'),
(39,	'Warning: Trying to access array offset on int /var/www/html/src/Containerizer/TwitchStreamerContainerizer.php 67',	'twitch_streamer_containerizer',	500,	'287',	'2024-07-03 23:01:56'),
(40,	'Warning: Trying to access array offset on int /var/www/html/src/Containerizer/TwitchStreamerContainerizer.php 67',	'twitch_streamer_containerizer',	500,	'289',	'2024-07-03 23:01:56'),
(41,	'Warning: Trying to access array offset on int /var/www/html/src/Containerizer/TwitchStreamerContainerizer.php 67',	'twitch_streamer_containerizer',	500,	'290',	'2024-07-03 23:01:56'),
(42,	'Warning: Trying to access array offset on int /var/www/html/src/Containerizer/TwitchStreamerContainerizer.php 67',	'twitch_streamer_containerizer',	500,	'291',	'2024-07-03 23:01:56'),
(43,	'Warning: Trying to access array offset on int /var/www/html/src/Containerizer/TwitchStreamerContainerizer.php 67',	'twitch_streamer_containerizer',	500,	'292',	'2024-07-03 23:01:56'),
(44,	'Warning: Trying to access array offset on int /var/www/html/src/Containerizer/TwitchStreamerContainerizer.php 67',	'twitch_streamer_containerizer',	500,	'293',	'2024-07-03 23:01:56'),
(45,	'Warning: Trying to access array offset on int /var/www/html/src/Containerizer/TwitchStreamerContainerizer.php 67',	'twitch_streamer_containerizer',	500,	'294',	'2024-07-03 23:01:56'),
(46,	'Warning: Trying to access array offset on int /var/www/html/src/Containerizer/TwitchStreamerContainerizer.php 67',	'twitch_streamer_containerizer',	500,	'295',	'2024-07-03 23:01:56'),
(47,	'Warning: Trying to access array offset on int /var/www/html/src/Containerizer/TwitchStreamerContainerizer.php 67',	'twitch_streamer_containerizer',	500,	'296',	'2024-07-03 23:01:57'),
(48,	'Warning: Trying to access array offset on int /var/www/html/src/Containerizer/TwitchStreamerContainerizer.php 67',	'twitch_streamer_containerizer',	500,	'297',	'2024-07-03 23:01:57'),
(49,	'Warning: Trying to access array offset on int /var/www/html/src/Containerizer/TwitchStreamerContainerizer.php 67',	'twitch_streamer_containerizer',	500,	'298',	'2024-07-03 23:01:57'),
(50,	'Warning: Trying to access array offset on int /var/www/html/src/Containerizer/TwitchStreamerContainerizer.php 67',	'twitch_streamer_containerizer',	500,	'299',	'2024-07-03 23:01:57'),
(51,	'Warning: Trying to access array offset on int /var/www/html/src/Containerizer/TwitchStreamerContainerizer.php 67',	'twitch_streamer_containerizer',	500,	'307',	'2024-07-03 23:02:00'),
(52,	'DateTimeZone::__construct(): Unknown or bad timezone () /var/www/html/src/Containerizer/TwitchVideoContainerizer.php 116',	'twitch_video_containerizer',	500,	'529',	'2024-07-03 23:02:01'),
(53,	'Warning: Trying to access array offset on int /var/www/html/src/Containerizer/TwitchStreamerContainerizer.php 67',	'twitch_streamer_containerizer',	500,	'328',	'2024-07-03 23:02:01'),
(54,	'Warning: Trying to access array offset on int /var/www/html/src/Containerizer/TwitchStreamerContainerizer.php 67',	'twitch_streamer_containerizer',	500,	'329',	'2024-07-03 23:02:01'),
(55,	'Warning: Trying to access array offset on int /var/www/html/src/Containerizer/TwitchStreamerContainerizer.php 67',	'twitch_streamer_containerizer',	500,	'332',	'2024-07-03 23:02:02'),
(56,	'Warning: Trying to access array offset on int /var/www/html/src/Containerizer/TwitchStreamerContainerizer.php 67',	'twitch_streamer_containerizer',	500,	'312',	'2024-07-03 23:02:03'),
(57,	'Warning: Trying to access array offset on int /var/www/html/src/Containerizer/TwitchStreamerContainerizer.php 67',	'twitch_streamer_containerizer',	500,	'337',	'2024-07-03 23:02:04'),
(58,	'Warning: Trying to access array offset on int /var/www/html/src/Containerizer/TwitchStreamerContainerizer.php 67',	'twitch_streamer_containerizer',	500,	'278',	'2024-07-03 23:04:47'),
(59,	'Warning: Trying to access array offset on int /var/www/html/src/Containerizer/TwitchStreamerContainerizer.php 67',	'twitch_streamer_containerizer',	500,	'316',	'2024-07-03 23:04:48'),
(60,	'Warning: Trying to access array offset on int /var/www/html/src/Containerizer/TwitchStreamerContainerizer.php 67',	'twitch_streamer_containerizer',	500,	'317',	'2024-07-03 23:04:48'),
(61,	'Warning: Trying to access array offset on int /var/www/html/src/Containerizer/TwitchStreamerContainerizer.php 67',	'twitch_streamer_containerizer',	500,	'318',	'2024-07-03 23:04:48'),
(62,	'Warning: Trying to access array offset on int /var/www/html/src/Containerizer/TwitchStreamerContainerizer.php 67',	'twitch_streamer_containerizer',	500,	'320',	'2024-07-03 23:04:49'),
(63,	'Warning: Trying to access array offset on int /var/www/html/src/Containerizer/TwitchStreamerContainerizer.php 67',	'twitch_streamer_containerizer',	500,	'321',	'2024-07-03 23:04:49'),
(64,	'Warning: Trying to access array offset on int /var/www/html/src/Containerizer/TwitchStreamerContainerizer.php 67',	'twitch_streamer_containerizer',	500,	'323',	'2024-07-03 23:04:50'),
(65,	'Warning: Trying to access array offset on int /var/www/html/src/Containerizer/TwitchStreamerContainerizer.php 67',	'twitch_streamer_containerizer',	500,	'324',	'2024-07-03 23:04:50'),
(66,	'Warning: Trying to access array offset on int /var/www/html/src/Containerizer/TwitchStreamerContainerizer.php 67',	'twitch_streamer_containerizer',	500,	'284',	'2024-07-03 23:04:53'),
(67,	'Warning: Trying to access array offset on int /var/www/html/src/Containerizer/TwitchStreamerContainerizer.php 67',	'twitch_streamer_containerizer',	500,	'285',	'2024-07-03 23:04:54'),
(68,	'Warning: Trying to access array offset on int /var/www/html/src/Containerizer/TwitchStreamerContainerizer.php 67',	'twitch_streamer_containerizer',	500,	'287',	'2024-07-03 23:04:54'),
(69,	'Warning: Trying to access array offset on int /var/www/html/src/Containerizer/TwitchStreamerContainerizer.php 67',	'twitch_streamer_containerizer',	500,	'289',	'2024-07-03 23:04:54'),
(70,	'Warning: Trying to access array offset on int /var/www/html/src/Containerizer/TwitchStreamerContainerizer.php 67',	'twitch_streamer_containerizer',	500,	'290',	'2024-07-03 23:04:54'),
(71,	'Warning: Trying to access array offset on int /var/www/html/src/Containerizer/TwitchStreamerContainerizer.php 67',	'twitch_streamer_containerizer',	500,	'291',	'2024-07-03 23:04:54'),
(72,	'Warning: Trying to access array offset on int /var/www/html/src/Containerizer/TwitchStreamerContainerizer.php 67',	'twitch_streamer_containerizer',	500,	'292',	'2024-07-03 23:04:54'),
(73,	'Warning: Trying to access array offset on int /var/www/html/src/Containerizer/TwitchStreamerContainerizer.php 67',	'twitch_streamer_containerizer',	500,	'293',	'2024-07-03 23:04:54'),
(74,	'Warning: Trying to access array offset on int /var/www/html/src/Containerizer/TwitchStreamerContainerizer.php 67',	'twitch_streamer_containerizer',	500,	'294',	'2024-07-03 23:04:54'),
(75,	'Warning: Trying to access array offset on int /var/www/html/src/Containerizer/TwitchStreamerContainerizer.php 67',	'twitch_streamer_containerizer',	500,	'295',	'2024-07-03 23:04:54'),
(76,	'Warning: Trying to access array offset on int /var/www/html/src/Containerizer/TwitchStreamerContainerizer.php 67',	'twitch_streamer_containerizer',	500,	'296',	'2024-07-03 23:04:54'),
(77,	'Warning: Trying to access array offset on int /var/www/html/src/Containerizer/TwitchStreamerContainerizer.php 67',	'twitch_streamer_containerizer',	500,	'297',	'2024-07-03 23:04:54'),
(78,	'Warning: Trying to access array offset on int /var/www/html/src/Containerizer/TwitchStreamerContainerizer.php 67',	'twitch_streamer_containerizer',	500,	'298',	'2024-07-03 23:04:54'),
(79,	'Warning: Trying to access array offset on int /var/www/html/src/Containerizer/TwitchStreamerContainerizer.php 67',	'twitch_streamer_containerizer',	500,	'299',	'2024-07-03 23:04:54'),
(80,	'Warning: Trying to access array offset on int /var/www/html/src/Containerizer/TwitchStreamerContainerizer.php 67',	'twitch_streamer_containerizer',	500,	'307',	'2024-07-03 23:04:57'),
(81,	'Warning: Trying to access array offset on int /var/www/html/src/Containerizer/TwitchStreamerContainerizer.php 67',	'twitch_streamer_containerizer',	500,	'328',	'2024-07-03 23:04:58'),
(82,	'Warning: Trying to access array offset on int /var/www/html/src/Containerizer/TwitchStreamerContainerizer.php 67',	'twitch_streamer_containerizer',	500,	'329',	'2024-07-03 23:04:58'),
(83,	'Warning: Trying to access array offset on int /var/www/html/src/Containerizer/TwitchStreamerContainerizer.php 67',	'twitch_streamer_containerizer',	500,	'332',	'2024-07-03 23:04:59'),
(84,	'Warning: Trying to access array offset on int /var/www/html/src/Containerizer/TwitchStreamerContainerizer.php 67',	'twitch_streamer_containerizer',	500,	'312',	'2024-07-03 23:05:00'),
(85,	'Warning: Trying to access array offset on int /var/www/html/src/Containerizer/TwitchStreamerContainerizer.php 67',	'twitch_streamer_containerizer',	500,	'337',	'2024-07-03 23:05:01'),
(86,	'Warning: Trying to access array offset on int /var/www/html/src/Containerizer/TwitchStreamerContainerizer.php 67',	'twitch_streamer_containerizer',	500,	'278',	'2024-07-03 23:09:41'),
(87,	'Warning: Trying to access array offset on int /var/www/html/src/Containerizer/TwitchStreamerContainerizer.php 67',	'twitch_streamer_containerizer',	500,	'316',	'2024-07-03 23:09:43'),
(88,	'Warning: Trying to access array offset on int /var/www/html/src/Containerizer/TwitchStreamerContainerizer.php 67',	'twitch_streamer_containerizer',	500,	'317',	'2024-07-03 23:09:43'),
(89,	'Warning: Trying to access array offset on int /var/www/html/src/Containerizer/TwitchStreamerContainerizer.php 67',	'twitch_streamer_containerizer',	500,	'318',	'2024-07-03 23:09:43'),
(90,	'Warning: Trying to access array offset on int /var/www/html/src/Containerizer/TwitchStreamerContainerizer.php 67',	'twitch_streamer_containerizer',	500,	'320',	'2024-07-03 23:09:43'),
(91,	'Warning: Trying to access array offset on int /var/www/html/src/Containerizer/TwitchStreamerContainerizer.php 67',	'twitch_streamer_containerizer',	500,	'321',	'2024-07-03 23:09:43'),
(92,	'Warning: Trying to access array offset on int /var/www/html/src/Containerizer/TwitchStreamerContainerizer.php 67',	'twitch_streamer_containerizer',	500,	'323',	'2024-07-03 23:09:44'),
(93,	'Warning: Trying to access array offset on int /var/www/html/src/Containerizer/TwitchStreamerContainerizer.php 67',	'twitch_streamer_containerizer',	500,	'324',	'2024-07-03 23:09:44'),
(94,	'Warning: Trying to access array offset on int /var/www/html/src/Containerizer/TwitchStreamerContainerizer.php 67',	'twitch_streamer_containerizer',	500,	'284',	'2024-07-03 23:09:48'),
(95,	'Warning: Trying to access array offset on int /var/www/html/src/Containerizer/TwitchStreamerContainerizer.php 67',	'twitch_streamer_containerizer',	500,	'285',	'2024-07-03 23:09:48'),
(96,	'Warning: Trying to access array offset on int /var/www/html/src/Containerizer/TwitchStreamerContainerizer.php 67',	'twitch_streamer_containerizer',	500,	'287',	'2024-07-03 23:09:48'),
(97,	'Warning: Trying to access array offset on int /var/www/html/src/Containerizer/TwitchStreamerContainerizer.php 67',	'twitch_streamer_containerizer',	500,	'289',	'2024-07-03 23:09:48'),
(98,	'Warning: Trying to access array offset on int /var/www/html/src/Containerizer/TwitchStreamerContainerizer.php 67',	'twitch_streamer_containerizer',	500,	'290',	'2024-07-03 23:09:48'),
(99,	'Warning: Trying to access array offset on int /var/www/html/src/Containerizer/TwitchStreamerContainerizer.php 67',	'twitch_streamer_containerizer',	500,	'291',	'2024-07-03 23:09:48'),
(100,	'Warning: Trying to access array offset on int /var/www/html/src/Containerizer/TwitchStreamerContainerizer.php 67',	'twitch_streamer_containerizer',	500,	'292',	'2024-07-03 23:09:48'),
(101,	'Warning: Trying to access array offset on int /var/www/html/src/Containerizer/TwitchStreamerContainerizer.php 67',	'twitch_streamer_containerizer',	500,	'293',	'2024-07-03 23:09:48'),
(102,	'Warning: Trying to access array offset on int /var/www/html/src/Containerizer/TwitchStreamerContainerizer.php 67',	'twitch_streamer_containerizer',	500,	'294',	'2024-07-03 23:09:48'),
(103,	'Warning: Trying to access array offset on int /var/www/html/src/Containerizer/TwitchStreamerContainerizer.php 67',	'twitch_streamer_containerizer',	500,	'295',	'2024-07-03 23:09:48'),
(104,	'Warning: Trying to access array offset on int /var/www/html/src/Containerizer/TwitchStreamerContainerizer.php 67',	'twitch_streamer_containerizer',	500,	'296',	'2024-07-03 23:09:48'),
(105,	'Warning: Trying to access array offset on int /var/www/html/src/Containerizer/TwitchStreamerContainerizer.php 67',	'twitch_streamer_containerizer',	500,	'297',	'2024-07-03 23:09:48'),
(106,	'Warning: Trying to access array offset on int /var/www/html/src/Containerizer/TwitchStreamerContainerizer.php 67',	'twitch_streamer_containerizer',	500,	'298',	'2024-07-03 23:09:48'),
(107,	'Warning: Trying to access array offset on int /var/www/html/src/Containerizer/TwitchStreamerContainerizer.php 67',	'twitch_streamer_containerizer',	500,	'299',	'2024-07-03 23:09:49'),
(108,	'Warning: Trying to access array offset on int /var/www/html/src/Containerizer/TwitchStreamerContainerizer.php 67',	'twitch_streamer_containerizer',	500,	'307',	'2024-07-03 23:09:52'),
(109,	'Warning: Trying to access array offset on int /var/www/html/src/Containerizer/TwitchStreamerContainerizer.php 67',	'twitch_streamer_containerizer',	500,	'328',	'2024-07-03 23:09:53'),
(110,	'Warning: Trying to access array offset on int /var/www/html/src/Containerizer/TwitchStreamerContainerizer.php 67',	'twitch_streamer_containerizer',	500,	'329',	'2024-07-03 23:09:53'),
(111,	'Warning: Trying to access array offset on int /var/www/html/src/Containerizer/TwitchStreamerContainerizer.php 67',	'twitch_streamer_containerizer',	500,	'332',	'2024-07-03 23:09:54'),
(112,	'Warning: Trying to access array offset on int /var/www/html/src/Containerizer/TwitchStreamerContainerizer.php 67',	'twitch_streamer_containerizer',	500,	'312',	'2024-07-03 23:09:55'),
(113,	'Warning: Trying to access array offset on int /var/www/html/src/Containerizer/TwitchStreamerContainerizer.php 67',	'twitch_streamer_containerizer',	500,	'337',	'2024-07-03 23:09:55'),
(114,	'Warning: Trying to access array offset on int /var/www/html/src/Containerizer/TwitchStreamerContainerizer.php 67',	'twitch_streamer_containerizer',	500,	'278',	'2024-07-03 23:19:30'),
(115,	'Warning: Trying to access array offset on int /var/www/html/src/Containerizer/TwitchStreamerContainerizer.php 67',	'twitch_streamer_containerizer',	500,	'317',	'2024-07-03 23:19:32'),
(116,	'Warning: Trying to access array offset on int /var/www/html/src/Containerizer/TwitchStreamerContainerizer.php 67',	'twitch_streamer_containerizer',	500,	'318',	'2024-07-03 23:19:32'),
(117,	'Warning: Trying to access array offset on int /var/www/html/src/Containerizer/TwitchStreamerContainerizer.php 67',	'twitch_streamer_containerizer',	500,	'320',	'2024-07-03 23:19:32'),
(118,	'Warning: Trying to access array offset on int /var/www/html/src/Containerizer/TwitchStreamerContainerizer.php 67',	'twitch_streamer_containerizer',	500,	'321',	'2024-07-03 23:19:32'),
(119,	'Warning: Trying to access array offset on int /var/www/html/src/Containerizer/TwitchStreamerContainerizer.php 67',	'twitch_streamer_containerizer',	500,	'323',	'2024-07-03 23:19:33'),
(120,	'Warning: Trying to access array offset on int /var/www/html/src/Containerizer/TwitchStreamerContainerizer.php 67',	'twitch_streamer_containerizer',	500,	'324',	'2024-07-03 23:19:33'),
(121,	'Warning: Trying to access array offset on int /var/www/html/src/Containerizer/TwitchStreamerContainerizer.php 67',	'twitch_streamer_containerizer',	500,	'284',	'2024-07-03 23:19:37'),
(122,	'Warning: Trying to access array offset on int /var/www/html/src/Containerizer/TwitchStreamerContainerizer.php 67',	'twitch_streamer_containerizer',	500,	'285',	'2024-07-03 23:19:37'),
(123,	'Warning: Trying to access array offset on int /var/www/html/src/Containerizer/TwitchStreamerContainerizer.php 67',	'twitch_streamer_containerizer',	500,	'287',	'2024-07-03 23:19:37'),
(124,	'Warning: Trying to access array offset on int /var/www/html/src/Containerizer/TwitchStreamerContainerizer.php 67',	'twitch_streamer_containerizer',	500,	'289',	'2024-07-03 23:19:37'),
(125,	'Warning: Trying to access array offset on int /var/www/html/src/Containerizer/TwitchStreamerContainerizer.php 67',	'twitch_streamer_containerizer',	500,	'290',	'2024-07-03 23:19:37'),
(126,	'Warning: Trying to access array offset on int /var/www/html/src/Containerizer/TwitchStreamerContainerizer.php 67',	'twitch_streamer_containerizer',	500,	'291',	'2024-07-03 23:19:37'),
(127,	'Warning: Trying to access array offset on int /var/www/html/src/Containerizer/TwitchStreamerContainerizer.php 67',	'twitch_streamer_containerizer',	500,	'292',	'2024-07-03 23:19:37'),
(128,	'Warning: Trying to access array offset on int /var/www/html/src/Containerizer/TwitchStreamerContainerizer.php 67',	'twitch_streamer_containerizer',	500,	'293',	'2024-07-03 23:19:37'),
(129,	'Warning: Trying to access array offset on int /var/www/html/src/Containerizer/TwitchStreamerContainerizer.php 67',	'twitch_streamer_containerizer',	500,	'294',	'2024-07-03 23:19:37'),
(130,	'Warning: Trying to access array offset on int /var/www/html/src/Containerizer/TwitchStreamerContainerizer.php 67',	'twitch_streamer_containerizer',	500,	'295',	'2024-07-03 23:19:37'),
(131,	'Warning: Trying to access array offset on int /var/www/html/src/Containerizer/TwitchStreamerContainerizer.php 67',	'twitch_streamer_containerizer',	500,	'296',	'2024-07-03 23:19:37'),
(132,	'Warning: Trying to access array offset on int /var/www/html/src/Containerizer/TwitchStreamerContainerizer.php 67',	'twitch_streamer_containerizer',	500,	'297',	'2024-07-03 23:19:38'),
(133,	'Warning: Trying to access array offset on int /var/www/html/src/Containerizer/TwitchStreamerContainerizer.php 67',	'twitch_streamer_containerizer',	500,	'298',	'2024-07-03 23:19:38'),
(134,	'Warning: Trying to access array offset on int /var/www/html/src/Containerizer/TwitchStreamerContainerizer.php 67',	'twitch_streamer_containerizer',	500,	'299',	'2024-07-03 23:19:38'),
(135,	'Warning: Trying to access array offset on int /var/www/html/src/Containerizer/TwitchStreamerContainerizer.php 67',	'twitch_streamer_containerizer',	500,	'307',	'2024-07-03 23:19:41'),
(136,	'Warning: Trying to access array offset on int /var/www/html/src/Containerizer/TwitchStreamerContainerizer.php 67',	'twitch_streamer_containerizer',	500,	'328',	'2024-07-03 23:19:42'),
(137,	'Warning: Trying to access array offset on int /var/www/html/src/Containerizer/TwitchStreamerContainerizer.php 67',	'twitch_streamer_containerizer',	500,	'329',	'2024-07-03 23:19:42'),
(138,	'Warning: Trying to access array offset on int /var/www/html/src/Containerizer/TwitchStreamerContainerizer.php 67',	'twitch_streamer_containerizer',	500,	'332',	'2024-07-03 23:19:43'),
(139,	'Warning: Trying to access array offset on int /var/www/html/src/Containerizer/TwitchStreamerContainerizer.php 67',	'twitch_streamer_containerizer',	500,	'312',	'2024-07-03 23:19:44'),
(140,	'Warning: Trying to access array offset on int /var/www/html/src/Containerizer/TwitchStreamerContainerizer.php 67',	'twitch_streamer_containerizer',	500,	'337',	'2024-07-03 23:19:45'),
(141,	'Warning: Trying to access array offset on int /var/www/html/src/Containerizer/TwitchStreamerContainerizer.php 67',	'twitch_streamer_containerizer',	500,	'278',	'2024-07-03 23:23:50'),
(142,	'Warning: Trying to access array offset on int /var/www/html/src/Containerizer/TwitchStreamerContainerizer.php 67',	'twitch_streamer_containerizer',	500,	'317',	'2024-07-03 23:23:52'),
(143,	'Warning: Trying to access array offset on int /var/www/html/src/Containerizer/TwitchStreamerContainerizer.php 67',	'twitch_streamer_containerizer',	500,	'318',	'2024-07-03 23:23:52'),
(144,	'Warning: Trying to access array offset on int /var/www/html/src/Containerizer/TwitchStreamerContainerizer.php 67',	'twitch_streamer_containerizer',	500,	'320',	'2024-07-03 23:23:53'),
(145,	'Warning: Trying to access array offset on int /var/www/html/src/Containerizer/TwitchStreamerContainerizer.php 67',	'twitch_streamer_containerizer',	500,	'321',	'2024-07-03 23:23:53'),
(146,	'Warning: Trying to access array offset on int /var/www/html/src/Containerizer/TwitchStreamerContainerizer.php 67',	'twitch_streamer_containerizer',	500,	'323',	'2024-07-03 23:23:54'),
(147,	'Warning: Trying to access array offset on int /var/www/html/src/Containerizer/TwitchStreamerContainerizer.php 67',	'twitch_streamer_containerizer',	500,	'324',	'2024-07-03 23:23:54'),
(148,	'DateTimeZone::__construct(): Unknown or bad timezone () /var/www/html/src/Containerizer/TwitchVideoContainerizer.php 116',	'twitch_video_containerizer',	500,	'279',	'2024-07-03 23:23:55'),
(149,	'Warning: Trying to access array offset on int /var/www/html/src/Containerizer/TwitchStreamerContainerizer.php 67',	'twitch_streamer_containerizer',	500,	'284',	'2024-07-03 23:23:57'),
(150,	'Warning: Trying to access array offset on int /var/www/html/src/Containerizer/TwitchStreamerContainerizer.php 67',	'twitch_streamer_containerizer',	500,	'285',	'2024-07-03 23:23:57'),
(151,	'Warning: Trying to access array offset on int /var/www/html/src/Containerizer/TwitchStreamerContainerizer.php 67',	'twitch_streamer_containerizer',	500,	'287',	'2024-07-03 23:23:57'),
(152,	'Warning: Trying to access array offset on int /var/www/html/src/Containerizer/TwitchStreamerContainerizer.php 67',	'twitch_streamer_containerizer',	500,	'289',	'2024-07-03 23:23:57'),
(153,	'Warning: Trying to access array offset on int /var/www/html/src/Containerizer/TwitchStreamerContainerizer.php 67',	'twitch_streamer_containerizer',	500,	'290',	'2024-07-03 23:23:57'),
(154,	'Warning: Trying to access array offset on int /var/www/html/src/Containerizer/TwitchStreamerContainerizer.php 67',	'twitch_streamer_containerizer',	500,	'291',	'2024-07-03 23:23:57'),
(155,	'Warning: Trying to access array offset on int /var/www/html/src/Containerizer/TwitchStreamerContainerizer.php 67',	'twitch_streamer_containerizer',	500,	'292',	'2024-07-03 23:23:57'),
(156,	'Warning: Trying to access array offset on int /var/www/html/src/Containerizer/TwitchStreamerContainerizer.php 67',	'twitch_streamer_containerizer',	500,	'293',	'2024-07-03 23:23:57'),
(157,	'Warning: Trying to access array offset on int /var/www/html/src/Containerizer/TwitchStreamerContainerizer.php 67',	'twitch_streamer_containerizer',	500,	'294',	'2024-07-03 23:23:57'),
(158,	'Warning: Trying to access array offset on int /var/www/html/src/Containerizer/TwitchStreamerContainerizer.php 67',	'twitch_streamer_containerizer',	500,	'295',	'2024-07-03 23:23:57'),
(159,	'Warning: Trying to access array offset on int /var/www/html/src/Containerizer/TwitchStreamerContainerizer.php 67',	'twitch_streamer_containerizer',	500,	'296',	'2024-07-03 23:23:57'),
(160,	'Warning: Trying to access array offset on int /var/www/html/src/Containerizer/TwitchStreamerContainerizer.php 67',	'twitch_streamer_containerizer',	500,	'297',	'2024-07-03 23:23:57'),
(161,	'Warning: Trying to access array offset on int /var/www/html/src/Containerizer/TwitchStreamerContainerizer.php 67',	'twitch_streamer_containerizer',	500,	'298',	'2024-07-03 23:23:57'),
(162,	'Warning: Trying to access array offset on int /var/www/html/src/Containerizer/TwitchStreamerContainerizer.php 67',	'twitch_streamer_containerizer',	500,	'299',	'2024-07-03 23:23:57'),
(163,	'Warning: Trying to access array offset on int /var/www/html/src/Containerizer/TwitchStreamerContainerizer.php 67',	'twitch_streamer_containerizer',	500,	'307',	'2024-07-03 23:24:01'),
(164,	'Warning: Trying to access array offset on int /var/www/html/src/Containerizer/TwitchStreamerContainerizer.php 67',	'twitch_streamer_containerizer',	500,	'328',	'2024-07-03 23:24:02'),
(165,	'Warning: Trying to access array offset on int /var/www/html/src/Containerizer/TwitchStreamerContainerizer.php 67',	'twitch_streamer_containerizer',	500,	'329',	'2024-07-03 23:24:02'),
(166,	'Warning: Trying to access array offset on int /var/www/html/src/Containerizer/TwitchStreamerContainerizer.php 67',	'twitch_streamer_containerizer',	500,	'332',	'2024-07-03 23:24:03'),
(167,	'Warning: Trying to access array offset on int /var/www/html/src/Containerizer/TwitchStreamerContainerizer.php 67',	'twitch_streamer_containerizer',	500,	'312',	'2024-07-03 23:24:04'),
(168,	'Warning: Trying to access array offset on int /var/www/html/src/Containerizer/TwitchStreamerContainerizer.php 67',	'twitch_streamer_containerizer',	500,	'337',	'2024-07-03 23:24:04'),
(169,	'Warning: Trying to access array offset on int /var/www/html/src/Containerizer/TwitchStreamerContainerizer.php 67',	'twitch_streamer_containerizer',	500,	'278',	'2024-07-03 23:24:15'),
(170,	'Warning: Trying to access array offset on int /var/www/html/src/Containerizer/TwitchStreamerContainerizer.php 67',	'twitch_streamer_containerizer',	500,	'317',	'2024-07-03 23:24:17'),
(171,	'Warning: Trying to access array offset on int /var/www/html/src/Containerizer/TwitchStreamerContainerizer.php 67',	'twitch_streamer_containerizer',	500,	'318',	'2024-07-03 23:24:17'),
(172,	'Warning: Trying to access array offset on int /var/www/html/src/Containerizer/TwitchStreamerContainerizer.php 67',	'twitch_streamer_containerizer',	500,	'320',	'2024-07-03 23:24:18'),
(173,	'Warning: Trying to access array offset on int /var/www/html/src/Containerizer/TwitchStreamerContainerizer.php 67',	'twitch_streamer_containerizer',	500,	'321',	'2024-07-03 23:24:18'),
(174,	'Warning: Trying to access array offset on int /var/www/html/src/Containerizer/TwitchStreamerContainerizer.php 67',	'twitch_streamer_containerizer',	500,	'323',	'2024-07-03 23:24:19'),
(175,	'Warning: Trying to access array offset on int /var/www/html/src/Containerizer/TwitchStreamerContainerizer.php 67',	'twitch_streamer_containerizer',	500,	'324',	'2024-07-03 23:24:19'),
(176,	'Warning: Trying to access array offset on int /var/www/html/src/Containerizer/TwitchStreamerContainerizer.php 67',	'twitch_streamer_containerizer',	500,	'284',	'2024-07-03 23:24:22'),
(177,	'Warning: Trying to access array offset on int /var/www/html/src/Containerizer/TwitchStreamerContainerizer.php 67',	'twitch_streamer_containerizer',	500,	'285',	'2024-07-03 23:24:22'),
(178,	'Warning: Trying to access array offset on int /var/www/html/src/Containerizer/TwitchStreamerContainerizer.php 67',	'twitch_streamer_containerizer',	500,	'287',	'2024-07-03 23:24:22'),
(179,	'Warning: Trying to access array offset on int /var/www/html/src/Containerizer/TwitchStreamerContainerizer.php 67',	'twitch_streamer_containerizer',	500,	'289',	'2024-07-03 23:24:22'),
(180,	'Warning: Trying to access array offset on int /var/www/html/src/Containerizer/TwitchStreamerContainerizer.php 67',	'twitch_streamer_containerizer',	500,	'290',	'2024-07-03 23:24:22'),
(181,	'Warning: Trying to access array offset on int /var/www/html/src/Containerizer/TwitchStreamerContainerizer.php 67',	'twitch_streamer_containerizer',	500,	'291',	'2024-07-03 23:24:22'),
(182,	'Warning: Trying to access array offset on int /var/www/html/src/Containerizer/TwitchStreamerContainerizer.php 67',	'twitch_streamer_containerizer',	500,	'292',	'2024-07-03 23:24:22'),
(183,	'Warning: Trying to access array offset on int /var/www/html/src/Containerizer/TwitchStreamerContainerizer.php 67',	'twitch_streamer_containerizer',	500,	'293',	'2024-07-03 23:24:22'),
(184,	'Warning: Trying to access array offset on int /var/www/html/src/Containerizer/TwitchStreamerContainerizer.php 67',	'twitch_streamer_containerizer',	500,	'294',	'2024-07-03 23:24:22'),
(185,	'Warning: Trying to access array offset on int /var/www/html/src/Containerizer/TwitchStreamerContainerizer.php 67',	'twitch_streamer_containerizer',	500,	'295',	'2024-07-03 23:24:22'),
(186,	'Warning: Trying to access array offset on int /var/www/html/src/Containerizer/TwitchStreamerContainerizer.php 67',	'twitch_streamer_containerizer',	500,	'296',	'2024-07-03 23:24:23'),
(187,	'Warning: Trying to access array offset on int /var/www/html/src/Containerizer/TwitchStreamerContainerizer.php 67',	'twitch_streamer_containerizer',	500,	'297',	'2024-07-03 23:24:23'),
(188,	'Warning: Trying to access array offset on int /var/www/html/src/Containerizer/TwitchStreamerContainerizer.php 67',	'twitch_streamer_containerizer',	500,	'298',	'2024-07-03 23:24:23'),
(189,	'Warning: Trying to access array offset on int /var/www/html/src/Containerizer/TwitchStreamerContainerizer.php 67',	'twitch_streamer_containerizer',	500,	'299',	'2024-07-03 23:24:23'),
(190,	'Warning: Trying to access array offset on int /var/www/html/src/Containerizer/TwitchStreamerContainerizer.php 67',	'twitch_streamer_containerizer',	500,	'307',	'2024-07-03 23:24:27'),
(191,	'Warning: Trying to access array offset on int /var/www/html/src/Containerizer/TwitchStreamerContainerizer.php 67',	'twitch_streamer_containerizer',	500,	'328',	'2024-07-03 23:24:28'),
(192,	'Warning: Trying to access array offset on int /var/www/html/src/Containerizer/TwitchStreamerContainerizer.php 67',	'twitch_streamer_containerizer',	500,	'329',	'2024-07-03 23:24:28'),
(193,	'Warning: Trying to access array offset on int /var/www/html/src/Containerizer/TwitchStreamerContainerizer.php 67',	'twitch_streamer_containerizer',	500,	'332',	'2024-07-03 23:24:28'),
(194,	'Warning: Trying to access array offset on int /var/www/html/src/Containerizer/TwitchStreamerContainerizer.php 67',	'twitch_streamer_containerizer',	500,	'312',	'2024-07-03 23:24:30'),
(195,	'Warning: Trying to access array offset on int /var/www/html/src/Containerizer/TwitchStreamerContainerizer.php 67',	'twitch_streamer_containerizer',	500,	'337',	'2024-07-03 23:24:30'),
(196,	'Warning: Trying to access array offset on int /var/www/html/src/Containerizer/TwitchStreamerContainerizer.php 67',	'twitch_streamer_containerizer',	500,	'278',	'2024-07-03 23:27:40'),
(197,	'Warning: Trying to access array offset on int /var/www/html/src/Containerizer/TwitchStreamerContainerizer.php 67',	'twitch_streamer_containerizer',	500,	'317',	'2024-07-03 23:27:42'),
(198,	'Warning: Trying to access array offset on int /var/www/html/src/Containerizer/TwitchStreamerContainerizer.php 67',	'twitch_streamer_containerizer',	500,	'318',	'2024-07-03 23:27:42'),
(199,	'Warning: Trying to access array offset on int /var/www/html/src/Containerizer/TwitchStreamerContainerizer.php 67',	'twitch_streamer_containerizer',	500,	'320',	'2024-07-03 23:27:43'),
(200,	'Warning: Trying to access array offset on int /var/www/html/src/Containerizer/TwitchStreamerContainerizer.php 67',	'twitch_streamer_containerizer',	500,	'321',	'2024-07-03 23:27:43'),
(201,	'Warning: Trying to access array offset on int /var/www/html/src/Containerizer/TwitchStreamerContainerizer.php 67',	'twitch_streamer_containerizer',	500,	'323',	'2024-07-03 23:27:44'),
(202,	'Warning: Trying to access array offset on int /var/www/html/src/Containerizer/TwitchStreamerContainerizer.php 67',	'twitch_streamer_containerizer',	500,	'324',	'2024-07-03 23:27:44'),
(203,	'Warning: Trying to access array offset on int /var/www/html/src/Containerizer/TwitchStreamerContainerizer.php 67',	'twitch_streamer_containerizer',	500,	'284',	'2024-07-03 23:27:47'),
(204,	'Warning: Trying to access array offset on int /var/www/html/src/Containerizer/TwitchStreamerContainerizer.php 67',	'twitch_streamer_containerizer',	500,	'285',	'2024-07-03 23:27:47'),
(205,	'Warning: Trying to access array offset on int /var/www/html/src/Containerizer/TwitchStreamerContainerizer.php 67',	'twitch_streamer_containerizer',	500,	'287',	'2024-07-03 23:27:47'),
(206,	'Warning: Trying to access array offset on int /var/www/html/src/Containerizer/TwitchStreamerContainerizer.php 67',	'twitch_streamer_containerizer',	500,	'289',	'2024-07-03 23:27:47'),
(207,	'Warning: Trying to access array offset on int /var/www/html/src/Containerizer/TwitchStreamerContainerizer.php 67',	'twitch_streamer_containerizer',	500,	'290',	'2024-07-03 23:27:47'),
(208,	'Warning: Trying to access array offset on int /var/www/html/src/Containerizer/TwitchStreamerContainerizer.php 67',	'twitch_streamer_containerizer',	500,	'291',	'2024-07-03 23:27:47'),
(209,	'Warning: Trying to access array offset on int /var/www/html/src/Containerizer/TwitchStreamerContainerizer.php 67',	'twitch_streamer_containerizer',	500,	'292',	'2024-07-03 23:27:47'),
(210,	'Warning: Trying to access array offset on int /var/www/html/src/Containerizer/TwitchStreamerContainerizer.php 67',	'twitch_streamer_containerizer',	500,	'293',	'2024-07-03 23:27:47'),
(211,	'Warning: Trying to access array offset on int /var/www/html/src/Containerizer/TwitchStreamerContainerizer.php 67',	'twitch_streamer_containerizer',	500,	'294',	'2024-07-03 23:27:47'),
(212,	'Warning: Trying to access array offset on int /var/www/html/src/Containerizer/TwitchStreamerContainerizer.php 67',	'twitch_streamer_containerizer',	500,	'295',	'2024-07-03 23:27:47'),
(213,	'Warning: Trying to access array offset on int /var/www/html/src/Containerizer/TwitchStreamerContainerizer.php 67',	'twitch_streamer_containerizer',	500,	'296',	'2024-07-03 23:27:47'),
(214,	'Warning: Trying to access array offset on int /var/www/html/src/Containerizer/TwitchStreamerContainerizer.php 67',	'twitch_streamer_containerizer',	500,	'297',	'2024-07-03 23:27:47'),
(215,	'Warning: Trying to access array offset on int /var/www/html/src/Containerizer/TwitchStreamerContainerizer.php 67',	'twitch_streamer_containerizer',	500,	'298',	'2024-07-03 23:27:47'),
(216,	'Warning: Trying to access array offset on int /var/www/html/src/Containerizer/TwitchStreamerContainerizer.php 67',	'twitch_streamer_containerizer',	500,	'299',	'2024-07-03 23:27:47'),
(217,	'Warning: Trying to access array offset on int /var/www/html/src/Containerizer/TwitchStreamerContainerizer.php 67',	'twitch_streamer_containerizer',	500,	'307',	'2024-07-03 23:27:51'),
(218,	'Warning: Trying to access array offset on int /var/www/html/src/Containerizer/TwitchStreamerContainerizer.php 67',	'twitch_streamer_containerizer',	500,	'328',	'2024-07-03 23:27:52'),
(219,	'Warning: Trying to access array offset on int /var/www/html/src/Containerizer/TwitchStreamerContainerizer.php 67',	'twitch_streamer_containerizer',	500,	'329',	'2024-07-03 23:27:52'),
(220,	'Warning: Trying to access array offset on int /var/www/html/src/Containerizer/TwitchStreamerContainerizer.php 67',	'twitch_streamer_containerizer',	500,	'332',	'2024-07-03 23:27:53'),
(221,	'Warning: Trying to access array offset on int /var/www/html/src/Containerizer/TwitchStreamerContainerizer.php 67',	'twitch_streamer_containerizer',	500,	'312',	'2024-07-03 23:27:54'),
(222,	'Warning: Trying to access array offset on int /var/www/html/src/Containerizer/TwitchStreamerContainerizer.php 67',	'twitch_streamer_containerizer',	500,	'337',	'2024-07-03 23:27:55'),
(223,	'Warning: Trying to access array offset on int /var/www/html/src/Containerizer/TwitchStreamerContainerizer.php 67',	'twitch_streamer_containerizer',	500,	'278',	'2024-07-03 23:31:27'),
(224,	'Warning: Trying to access array offset on int /var/www/html/src/Containerizer/TwitchStreamerContainerizer.php 67',	'twitch_streamer_containerizer',	500,	'317',	'2024-07-03 23:31:29'),
(225,	'Warning: Trying to access array offset on int /var/www/html/src/Containerizer/TwitchStreamerContainerizer.php 67',	'twitch_streamer_containerizer',	500,	'318',	'2024-07-03 23:31:29'),
(226,	'Warning: Trying to access array offset on int /var/www/html/src/Containerizer/TwitchStreamerContainerizer.php 67',	'twitch_streamer_containerizer',	500,	'320',	'2024-07-03 23:31:30'),
(227,	'Warning: Trying to access array offset on int /var/www/html/src/Containerizer/TwitchStreamerContainerizer.php 67',	'twitch_streamer_containerizer',	500,	'321',	'2024-07-03 23:31:30'),
(228,	'Warning: Trying to access array offset on int /var/www/html/src/Containerizer/TwitchStreamerContainerizer.php 67',	'twitch_streamer_containerizer',	500,	'323',	'2024-07-03 23:31:30'),
(229,	'Warning: Trying to access array offset on int /var/www/html/src/Containerizer/TwitchStreamerContainerizer.php 67',	'twitch_streamer_containerizer',	500,	'324',	'2024-07-03 23:31:30'),
(230,	'Warning: Trying to access array offset on int /var/www/html/src/Containerizer/TwitchStreamerContainerizer.php 67',	'twitch_streamer_containerizer',	500,	'284',	'2024-07-03 23:31:33'),
(231,	'Warning: Trying to access array offset on int /var/www/html/src/Containerizer/TwitchStreamerContainerizer.php 67',	'twitch_streamer_containerizer',	500,	'285',	'2024-07-03 23:31:33'),
(232,	'Warning: Trying to access array offset on int /var/www/html/src/Containerizer/TwitchStreamerContainerizer.php 67',	'twitch_streamer_containerizer',	500,	'287',	'2024-07-03 23:31:33'),
(233,	'Warning: Trying to access array offset on int /var/www/html/src/Containerizer/TwitchStreamerContainerizer.php 67',	'twitch_streamer_containerizer',	500,	'289',	'2024-07-03 23:31:33'),
(234,	'Warning: Trying to access array offset on int /var/www/html/src/Containerizer/TwitchStreamerContainerizer.php 67',	'twitch_streamer_containerizer',	500,	'290',	'2024-07-03 23:31:33'),
(235,	'Warning: Trying to access array offset on int /var/www/html/src/Containerizer/TwitchStreamerContainerizer.php 67',	'twitch_streamer_containerizer',	500,	'291',	'2024-07-03 23:31:33'),
(236,	'Warning: Trying to access array offset on int /var/www/html/src/Containerizer/TwitchStreamerContainerizer.php 67',	'twitch_streamer_containerizer',	500,	'292',	'2024-07-03 23:31:33'),
(237,	'Warning: Trying to access array offset on int /var/www/html/src/Containerizer/TwitchStreamerContainerizer.php 67',	'twitch_streamer_containerizer',	500,	'293',	'2024-07-03 23:31:33'),
(238,	'Warning: Trying to access array offset on int /var/www/html/src/Containerizer/TwitchStreamerContainerizer.php 67',	'twitch_streamer_containerizer',	500,	'294',	'2024-07-03 23:31:34'),
(239,	'Warning: Trying to access array offset on int /var/www/html/src/Containerizer/TwitchStreamerContainerizer.php 67',	'twitch_streamer_containerizer',	500,	'295',	'2024-07-03 23:31:34'),
(240,	'Warning: Trying to access array offset on int /var/www/html/src/Containerizer/TwitchStreamerContainerizer.php 67',	'twitch_streamer_containerizer',	500,	'296',	'2024-07-03 23:31:34'),
(241,	'Warning: Trying to access array offset on int /var/www/html/src/Containerizer/TwitchStreamerContainerizer.php 67',	'twitch_streamer_containerizer',	500,	'297',	'2024-07-03 23:31:34'),
(242,	'Warning: Trying to access array offset on int /var/www/html/src/Containerizer/TwitchStreamerContainerizer.php 67',	'twitch_streamer_containerizer',	500,	'298',	'2024-07-03 23:31:34'),
(243,	'Warning: Trying to access array offset on int /var/www/html/src/Containerizer/TwitchStreamerContainerizer.php 67',	'twitch_streamer_containerizer',	500,	'299',	'2024-07-03 23:31:34'),
(244,	'Warning: Trying to access array offset on int /var/www/html/src/Containerizer/TwitchStreamerContainerizer.php 67',	'twitch_streamer_containerizer',	500,	'307',	'2024-07-03 23:31:38'),
(245,	'Warning: Trying to access array offset on int /var/www/html/src/Containerizer/TwitchStreamerContainerizer.php 67',	'twitch_streamer_containerizer',	500,	'328',	'2024-07-03 23:31:39'),
(246,	'Warning: Trying to access array offset on int /var/www/html/src/Containerizer/TwitchStreamerContainerizer.php 67',	'twitch_streamer_containerizer',	500,	'329',	'2024-07-03 23:31:39'),
(247,	'Warning: Trying to access array offset on int /var/www/html/src/Containerizer/TwitchStreamerContainerizer.php 67',	'twitch_streamer_containerizer',	500,	'332',	'2024-07-03 23:31:39'),
(248,	'DateTimeZone::__construct(): Unknown or bad timezone () /var/www/html/src/Containerizer/TwitchVideoContainerizer.php 116',	'twitch_video_containerizer',	500,	'308',	'2024-07-03 23:31:40'),
(249,	'Warning: Trying to access array offset on int /var/www/html/src/Containerizer/TwitchStreamerContainerizer.php 67',	'twitch_streamer_containerizer',	500,	'312',	'2024-07-03 23:31:40'),
(250,	'Warning: Trying to access array offset on int /var/www/html/src/Containerizer/TwitchStreamerContainerizer.php 67',	'twitch_streamer_containerizer',	500,	'337',	'2024-07-03 23:31:41'),
(251,	'Warning: Trying to access array offset on int /var/www/html/src/Containerizer/TwitchStreamerContainerizer.php 67',	'twitch_streamer_containerizer',	500,	'278',	'2024-07-03 23:31:58'),
(252,	'Warning: Trying to access array offset on int /var/www/html/src/Containerizer/TwitchStreamerContainerizer.php 67',	'twitch_streamer_containerizer',	500,	'317',	'2024-07-03 23:32:00'),
(253,	'Warning: Trying to access array offset on int /var/www/html/src/Containerizer/TwitchStreamerContainerizer.php 67',	'twitch_streamer_containerizer',	500,	'318',	'2024-07-03 23:32:00'),
(254,	'Warning: Trying to access array offset on int /var/www/html/src/Containerizer/TwitchStreamerContainerizer.php 67',	'twitch_streamer_containerizer',	500,	'320',	'2024-07-03 23:32:01'),
(255,	'Warning: Trying to access array offset on int /var/www/html/src/Containerizer/TwitchStreamerContainerizer.php 67',	'twitch_streamer_containerizer',	500,	'321',	'2024-07-03 23:32:01'),
(256,	'Warning: Trying to access array offset on int /var/www/html/src/Containerizer/TwitchStreamerContainerizer.php 67',	'twitch_streamer_containerizer',	500,	'323',	'2024-07-03 23:32:01'),
(257,	'Warning: Trying to access array offset on int /var/www/html/src/Containerizer/TwitchStreamerContainerizer.php 67',	'twitch_streamer_containerizer',	500,	'324',	'2024-07-03 23:32:01'),
(258,	'Warning: Trying to access array offset on int /var/www/html/src/Containerizer/TwitchStreamerContainerizer.php 67',	'twitch_streamer_containerizer',	500,	'284',	'2024-07-03 23:32:04'),
(259,	'Warning: Trying to access array offset on int /var/www/html/src/Containerizer/TwitchStreamerContainerizer.php 67',	'twitch_streamer_containerizer',	500,	'285',	'2024-07-03 23:32:05'),
(260,	'Warning: Trying to access array offset on int /var/www/html/src/Containerizer/TwitchStreamerContainerizer.php 67',	'twitch_streamer_containerizer',	500,	'287',	'2024-07-03 23:32:05'),
(261,	'Warning: Trying to access array offset on int /var/www/html/src/Containerizer/TwitchStreamerContainerizer.php 67',	'twitch_streamer_containerizer',	500,	'289',	'2024-07-03 23:32:05'),
(262,	'Warning: Trying to access array offset on int /var/www/html/src/Containerizer/TwitchStreamerContainerizer.php 67',	'twitch_streamer_containerizer',	500,	'290',	'2024-07-03 23:32:05'),
(263,	'Warning: Trying to access array offset on int /var/www/html/src/Containerizer/TwitchStreamerContainerizer.php 67',	'twitch_streamer_containerizer',	500,	'291',	'2024-07-03 23:32:05'),
(264,	'Warning: Trying to access array offset on int /var/www/html/src/Containerizer/TwitchStreamerContainerizer.php 67',	'twitch_streamer_containerizer',	500,	'292',	'2024-07-03 23:32:05'),
(265,	'Warning: Trying to access array offset on int /var/www/html/src/Containerizer/TwitchStreamerContainerizer.php 67',	'twitch_streamer_containerizer',	500,	'293',	'2024-07-03 23:32:05'),
(266,	'Warning: Trying to access array offset on int /var/www/html/src/Containerizer/TwitchStreamerContainerizer.php 67',	'twitch_streamer_containerizer',	500,	'294',	'2024-07-03 23:32:05'),
(267,	'Warning: Trying to access array offset on int /var/www/html/src/Containerizer/TwitchStreamerContainerizer.php 67',	'twitch_streamer_containerizer',	500,	'295',	'2024-07-03 23:32:05'),
(268,	'Warning: Trying to access array offset on int /var/www/html/src/Containerizer/TwitchStreamerContainerizer.php 67',	'twitch_streamer_containerizer',	500,	'296',	'2024-07-03 23:32:05'),
(269,	'Warning: Trying to access array offset on int /var/www/html/src/Containerizer/TwitchStreamerContainerizer.php 67',	'twitch_streamer_containerizer',	500,	'297',	'2024-07-03 23:32:05'),
(270,	'Warning: Trying to access array offset on int /var/www/html/src/Containerizer/TwitchStreamerContainerizer.php 67',	'twitch_streamer_containerizer',	500,	'298',	'2024-07-03 23:32:05'),
(271,	'Warning: Trying to access array offset on int /var/www/html/src/Containerizer/TwitchStreamerContainerizer.php 67',	'twitch_streamer_containerizer',	500,	'299',	'2024-07-03 23:32:05'),
(272,	'Warning: Trying to access array offset on int /var/www/html/src/Containerizer/TwitchStreamerContainerizer.php 67',	'twitch_streamer_containerizer',	500,	'307',	'2024-07-03 23:32:09'),
(273,	'Warning: Trying to access array offset on int /var/www/html/src/Containerizer/TwitchStreamerContainerizer.php 67',	'twitch_streamer_containerizer',	500,	'328',	'2024-07-03 23:32:10'),
(274,	'Warning: Trying to access array offset on int /var/www/html/src/Containerizer/TwitchStreamerContainerizer.php 67',	'twitch_streamer_containerizer',	500,	'329',	'2024-07-03 23:32:10'),
(275,	'Warning: Trying to access array offset on int /var/www/html/src/Containerizer/TwitchStreamerContainerizer.php 67',	'twitch_streamer_containerizer',	500,	'332',	'2024-07-03 23:32:11'),
(276,	'Warning: Trying to access array offset on int /var/www/html/src/Containerizer/TwitchStreamerContainerizer.php 67',	'twitch_streamer_containerizer',	500,	'312',	'2024-07-03 23:32:11'),
(277,	'Warning: Trying to access array offset on int /var/www/html/src/Containerizer/TwitchStreamerContainerizer.php 67',	'twitch_streamer_containerizer',	500,	'337',	'2024-07-03 23:32:12'),
(278,	'Warning: Trying to access array offset on int /var/www/html/src/Containerizer/TwitchStreamerContainerizer.php 67',	'twitch_streamer_containerizer',	500,	'278',	'2024-07-03 23:32:53'),
(279,	'Warning: Trying to access array offset on int /var/www/html/src/Containerizer/TwitchStreamerContainerizer.php 67',	'twitch_streamer_containerizer',	500,	'317',	'2024-07-03 23:32:54'),
(280,	'Warning: Trying to access array offset on int /var/www/html/src/Containerizer/TwitchStreamerContainerizer.php 67',	'twitch_streamer_containerizer',	500,	'318',	'2024-07-03 23:32:54'),
(281,	'Warning: Trying to access array offset on int /var/www/html/src/Containerizer/TwitchStreamerContainerizer.php 67',	'twitch_streamer_containerizer',	500,	'320',	'2024-07-03 23:32:55'),
(282,	'Warning: Trying to access array offset on int /var/www/html/src/Containerizer/TwitchStreamerContainerizer.php 67',	'twitch_streamer_containerizer',	500,	'321',	'2024-07-03 23:32:55'),
(283,	'Warning: Trying to access array offset on int /var/www/html/src/Containerizer/TwitchStreamerContainerizer.php 67',	'twitch_streamer_containerizer',	500,	'323',	'2024-07-03 23:32:56'),
(284,	'Warning: Trying to access array offset on int /var/www/html/src/Containerizer/TwitchStreamerContainerizer.php 67',	'twitch_streamer_containerizer',	500,	'324',	'2024-07-03 23:32:56'),
(285,	'Warning: Trying to access array offset on int /var/www/html/src/Containerizer/TwitchStreamerContainerizer.php 67',	'twitch_streamer_containerizer',	500,	'284',	'2024-07-03 23:32:59'),
(286,	'Warning: Trying to access array offset on int /var/www/html/src/Containerizer/TwitchStreamerContainerizer.php 67',	'twitch_streamer_containerizer',	500,	'285',	'2024-07-03 23:32:59'),
(287,	'Warning: Trying to access array offset on int /var/www/html/src/Containerizer/TwitchStreamerContainerizer.php 67',	'twitch_streamer_containerizer',	500,	'287',	'2024-07-03 23:32:59'),
(288,	'Warning: Trying to access array offset on int /var/www/html/src/Containerizer/TwitchStreamerContainerizer.php 67',	'twitch_streamer_containerizer',	500,	'289',	'2024-07-03 23:32:59'),
(289,	'Warning: Trying to access array offset on int /var/www/html/src/Containerizer/TwitchStreamerContainerizer.php 67',	'twitch_streamer_containerizer',	500,	'290',	'2024-07-03 23:32:59'),
(290,	'Warning: Trying to access array offset on int /var/www/html/src/Containerizer/TwitchStreamerContainerizer.php 67',	'twitch_streamer_containerizer',	500,	'291',	'2024-07-03 23:32:59'),
(291,	'Warning: Trying to access array offset on int /var/www/html/src/Containerizer/TwitchStreamerContainerizer.php 67',	'twitch_streamer_containerizer',	500,	'292',	'2024-07-03 23:32:59'),
(292,	'Warning: Trying to access array offset on int /var/www/html/src/Containerizer/TwitchStreamerContainerizer.php 67',	'twitch_streamer_containerizer',	500,	'293',	'2024-07-03 23:32:59'),
(293,	'Warning: Trying to access array offset on int /var/www/html/src/Containerizer/TwitchStreamerContainerizer.php 67',	'twitch_streamer_containerizer',	500,	'294',	'2024-07-03 23:32:59'),
(294,	'Warning: Trying to access array offset on int /var/www/html/src/Containerizer/TwitchStreamerContainerizer.php 67',	'twitch_streamer_containerizer',	500,	'295',	'2024-07-03 23:32:59'),
(295,	'Warning: Trying to access array offset on int /var/www/html/src/Containerizer/TwitchStreamerContainerizer.php 67',	'twitch_streamer_containerizer',	500,	'296',	'2024-07-03 23:32:59'),
(296,	'Warning: Trying to access array offset on int /var/www/html/src/Containerizer/TwitchStreamerContainerizer.php 67',	'twitch_streamer_containerizer',	500,	'297',	'2024-07-03 23:32:59'),
(297,	'Warning: Trying to access array offset on int /var/www/html/src/Containerizer/TwitchStreamerContainerizer.php 67',	'twitch_streamer_containerizer',	500,	'298',	'2024-07-03 23:32:59'),
(298,	'Warning: Trying to access array offset on int /var/www/html/src/Containerizer/TwitchStreamerContainerizer.php 67',	'twitch_streamer_containerizer',	500,	'299',	'2024-07-03 23:33:00'),
(299,	'Warning: Trying to access array offset on int /var/www/html/src/Containerizer/TwitchStreamerContainerizer.php 67',	'twitch_streamer_containerizer',	500,	'307',	'2024-07-03 23:33:04'),
(300,	'Warning: Trying to access array offset on int /var/www/html/src/Containerizer/TwitchStreamerContainerizer.php 67',	'twitch_streamer_containerizer',	500,	'328',	'2024-07-03 23:33:05'),
(301,	'Warning: Trying to access array offset on int /var/www/html/src/Containerizer/TwitchStreamerContainerizer.php 67',	'twitch_streamer_containerizer',	500,	'329',	'2024-07-03 23:33:05'),
(302,	'Warning: Trying to access array offset on int /var/www/html/src/Containerizer/TwitchStreamerContainerizer.php 67',	'twitch_streamer_containerizer',	500,	'332',	'2024-07-03 23:33:05'),
(303,	'Warning: Trying to access array offset on int /var/www/html/src/Containerizer/TwitchStreamerContainerizer.php 67',	'twitch_streamer_containerizer',	500,	'312',	'2024-07-03 23:33:06'),
(304,	'Warning: Trying to access array offset on int /var/www/html/src/Containerizer/TwitchStreamerContainerizer.php 67',	'twitch_streamer_containerizer',	500,	'337',	'2024-07-03 23:33:07'),
(305,	'Warning: Trying to access array offset on int /var/www/html/src/Containerizer/TwitchStreamerContainerizer.php 67',	'twitch_streamer_containerizer',	500,	'278',	'2024-07-03 23:34:29'),
(306,	'Warning: Trying to access array offset on int /var/www/html/src/Containerizer/TwitchStreamerContainerizer.php 67',	'twitch_streamer_containerizer',	500,	'317',	'2024-07-03 23:34:31'),
(307,	'Warning: Trying to access array offset on int /var/www/html/src/Containerizer/TwitchStreamerContainerizer.php 67',	'twitch_streamer_containerizer',	500,	'318',	'2024-07-03 23:34:31'),
(308,	'Warning: Trying to access array offset on int /var/www/html/src/Containerizer/TwitchStreamerContainerizer.php 67',	'twitch_streamer_containerizer',	500,	'320',	'2024-07-03 23:34:32'),
(309,	'Warning: Trying to access array offset on int /var/www/html/src/Containerizer/TwitchStreamerContainerizer.php 67',	'twitch_streamer_containerizer',	500,	'321',	'2024-07-03 23:34:32'),
(310,	'Warning: Trying to access array offset on int /var/www/html/src/Containerizer/TwitchStreamerContainerizer.php 67',	'twitch_streamer_containerizer',	500,	'323',	'2024-07-03 23:34:33'),
(311,	'Warning: Trying to access array offset on int /var/www/html/src/Containerizer/TwitchStreamerContainerizer.php 67',	'twitch_streamer_containerizer',	500,	'324',	'2024-07-03 23:34:33'),
(312,	'Warning: Trying to access array offset on int /var/www/html/src/Containerizer/TwitchStreamerContainerizer.php 67',	'twitch_streamer_containerizer',	500,	'284',	'2024-07-03 23:34:36'),
(313,	'Warning: Trying to access array offset on int /var/www/html/src/Containerizer/TwitchStreamerContainerizer.php 67',	'twitch_streamer_containerizer',	500,	'285',	'2024-07-03 23:34:36'),
(314,	'Warning: Trying to access array offset on int /var/www/html/src/Containerizer/TwitchStreamerContainerizer.php 67',	'twitch_streamer_containerizer',	500,	'287',	'2024-07-03 23:34:36'),
(315,	'Warning: Trying to access array offset on int /var/www/html/src/Containerizer/TwitchStreamerContainerizer.php 67',	'twitch_streamer_containerizer',	500,	'289',	'2024-07-03 23:34:36'),
(316,	'Warning: Trying to access array offset on int /var/www/html/src/Containerizer/TwitchStreamerContainerizer.php 67',	'twitch_streamer_containerizer',	500,	'290',	'2024-07-03 23:34:36'),
(317,	'Warning: Trying to access array offset on int /var/www/html/src/Containerizer/TwitchStreamerContainerizer.php 67',	'twitch_streamer_containerizer',	500,	'291',	'2024-07-03 23:34:36'),
(318,	'Warning: Trying to access array offset on int /var/www/html/src/Containerizer/TwitchStreamerContainerizer.php 67',	'twitch_streamer_containerizer',	500,	'292',	'2024-07-03 23:34:36'),
(319,	'Warning: Trying to access array offset on int /var/www/html/src/Containerizer/TwitchStreamerContainerizer.php 67',	'twitch_streamer_containerizer',	500,	'293',	'2024-07-03 23:34:36'),
(320,	'Warning: Trying to access array offset on int /var/www/html/src/Containerizer/TwitchStreamerContainerizer.php 67',	'twitch_streamer_containerizer',	500,	'294',	'2024-07-03 23:34:36'),
(321,	'Warning: Trying to access array offset on int /var/www/html/src/Containerizer/TwitchStreamerContainerizer.php 67',	'twitch_streamer_containerizer',	500,	'295',	'2024-07-03 23:34:36'),
(322,	'Warning: Trying to access array offset on int /var/www/html/src/Containerizer/TwitchStreamerContainerizer.php 67',	'twitch_streamer_containerizer',	500,	'296',	'2024-07-03 23:34:37'),
(323,	'Warning: Trying to access array offset on int /var/www/html/src/Containerizer/TwitchStreamerContainerizer.php 67',	'twitch_streamer_containerizer',	500,	'297',	'2024-07-03 23:34:37'),
(324,	'Warning: Trying to access array offset on int /var/www/html/src/Containerizer/TwitchStreamerContainerizer.php 67',	'twitch_streamer_containerizer',	500,	'298',	'2024-07-03 23:34:37'),
(325,	'Warning: Trying to access array offset on int /var/www/html/src/Containerizer/TwitchStreamerContainerizer.php 67',	'twitch_streamer_containerizer',	500,	'299',	'2024-07-03 23:34:37'),
(326,	'Warning: Trying to access array offset on int /var/www/html/src/Containerizer/TwitchStreamerContainerizer.php 67',	'twitch_streamer_containerizer',	500,	'307',	'2024-07-03 23:34:41'),
(327,	'Warning: Trying to access array offset on int /var/www/html/src/Containerizer/TwitchStreamerContainerizer.php 67',	'twitch_streamer_containerizer',	500,	'328',	'2024-07-03 23:34:42'),
(328,	'Warning: Trying to access array offset on int /var/www/html/src/Containerizer/TwitchStreamerContainerizer.php 67',	'twitch_streamer_containerizer',	500,	'329',	'2024-07-03 23:34:42'),
(329,	'Warning: Trying to access array offset on int /var/www/html/src/Containerizer/TwitchStreamerContainerizer.php 67',	'twitch_streamer_containerizer',	500,	'332',	'2024-07-03 23:34:42'),
(330,	'Warning: Trying to access array offset on int /var/www/html/src/Containerizer/TwitchStreamerContainerizer.php 67',	'twitch_streamer_containerizer',	500,	'312',	'2024-07-03 23:34:43'),
(331,	'Warning: Trying to access array offset on int /var/www/html/src/Containerizer/TwitchStreamerContainerizer.php 67',	'twitch_streamer_containerizer',	500,	'337',	'2024-07-03 23:34:44'),
(332,	'Warning: Trying to access array offset on int /var/www/html/src/Containerizer/TwitchStreamerContainerizer.php 67',	'twitch_streamer_containerizer',	500,	'278',	'2024-07-03 23:35:41'),
(333,	'Warning: Trying to access array offset on int /var/www/html/src/Containerizer/TwitchStreamerContainerizer.php 67',	'twitch_streamer_containerizer',	500,	'317',	'2024-07-03 23:35:43'),
(334,	'Warning: Trying to access array offset on int /var/www/html/src/Containerizer/TwitchStreamerContainerizer.php 67',	'twitch_streamer_containerizer',	500,	'318',	'2024-07-03 23:35:43'),
(335,	'Warning: Trying to access array offset on int /var/www/html/src/Containerizer/TwitchStreamerContainerizer.php 67',	'twitch_streamer_containerizer',	500,	'320',	'2024-07-03 23:35:43'),
(336,	'Warning: Trying to access array offset on int /var/www/html/src/Containerizer/TwitchStreamerContainerizer.php 67',	'twitch_streamer_containerizer',	500,	'321',	'2024-07-03 23:35:43'),
(337,	'Warning: Trying to access array offset on int /var/www/html/src/Containerizer/TwitchStreamerContainerizer.php 67',	'twitch_streamer_containerizer',	500,	'323',	'2024-07-03 23:35:44'),
(338,	'Warning: Trying to access array offset on int /var/www/html/src/Containerizer/TwitchStreamerContainerizer.php 67',	'twitch_streamer_containerizer',	500,	'324',	'2024-07-03 23:35:44'),
(339,	'Warning: Trying to access array offset on int /var/www/html/src/Containerizer/TwitchStreamerContainerizer.php 67',	'twitch_streamer_containerizer',	500,	'284',	'2024-07-03 23:35:47'),
(340,	'Warning: Trying to access array offset on int /var/www/html/src/Containerizer/TwitchStreamerContainerizer.php 67',	'twitch_streamer_containerizer',	500,	'285',	'2024-07-03 23:35:47'),
(341,	'Warning: Trying to access array offset on int /var/www/html/src/Containerizer/TwitchStreamerContainerizer.php 67',	'twitch_streamer_containerizer',	500,	'287',	'2024-07-03 23:35:47'),
(342,	'Warning: Trying to access array offset on int /var/www/html/src/Containerizer/TwitchStreamerContainerizer.php 67',	'twitch_streamer_containerizer',	500,	'289',	'2024-07-03 23:35:47'),
(343,	'Warning: Trying to access array offset on int /var/www/html/src/Containerizer/TwitchStreamerContainerizer.php 67',	'twitch_streamer_containerizer',	500,	'290',	'2024-07-03 23:35:47'),
(344,	'Warning: Trying to access array offset on int /var/www/html/src/Containerizer/TwitchStreamerContainerizer.php 67',	'twitch_streamer_containerizer',	500,	'291',	'2024-07-03 23:35:47'),
(345,	'Warning: Trying to access array offset on int /var/www/html/src/Containerizer/TwitchStreamerContainerizer.php 67',	'twitch_streamer_containerizer',	500,	'292',	'2024-07-03 23:35:47'),
(346,	'Warning: Trying to access array offset on int /var/www/html/src/Containerizer/TwitchStreamerContainerizer.php 67',	'twitch_streamer_containerizer',	500,	'293',	'2024-07-03 23:35:47'),
(347,	'Warning: Trying to access array offset on int /var/www/html/src/Containerizer/TwitchStreamerContainerizer.php 67',	'twitch_streamer_containerizer',	500,	'294',	'2024-07-03 23:35:47'),
(348,	'Warning: Trying to access array offset on int /var/www/html/src/Containerizer/TwitchStreamerContainerizer.php 67',	'twitch_streamer_containerizer',	500,	'295',	'2024-07-03 23:35:47'),
(349,	'Warning: Trying to access array offset on int /var/www/html/src/Containerizer/TwitchStreamerContainerizer.php 67',	'twitch_streamer_containerizer',	500,	'296',	'2024-07-03 23:35:48'),
(350,	'Warning: Trying to access array offset on int /var/www/html/src/Containerizer/TwitchStreamerContainerizer.php 67',	'twitch_streamer_containerizer',	500,	'297',	'2024-07-03 23:35:48'),
(351,	'Warning: Trying to access array offset on int /var/www/html/src/Containerizer/TwitchStreamerContainerizer.php 67',	'twitch_streamer_containerizer',	500,	'298',	'2024-07-03 23:35:48'),
(352,	'Warning: Trying to access array offset on int /var/www/html/src/Containerizer/TwitchStreamerContainerizer.php 67',	'twitch_streamer_containerizer',	500,	'299',	'2024-07-03 23:35:48'),
(353,	'Warning: Trying to access array offset on int /var/www/html/src/Containerizer/TwitchStreamerContainerizer.php 67',	'twitch_streamer_containerizer',	500,	'307',	'2024-07-03 23:35:52'),
(354,	'Warning: Trying to access array offset on int /var/www/html/src/Containerizer/TwitchStreamerContainerizer.php 67',	'twitch_streamer_containerizer',	500,	'328',	'2024-07-03 23:35:53'),
(355,	'Warning: Trying to access array offset on int /var/www/html/src/Containerizer/TwitchStreamerContainerizer.php 67',	'twitch_streamer_containerizer',	500,	'329',	'2024-07-03 23:35:53'),
(356,	'Warning: Trying to access array offset on int /var/www/html/src/Containerizer/TwitchStreamerContainerizer.php 67',	'twitch_streamer_containerizer',	500,	'332',	'2024-07-03 23:35:53'),
(357,	'Warning: Trying to access array offset on int /var/www/html/src/Containerizer/TwitchStreamerContainerizer.php 67',	'twitch_streamer_containerizer',	500,	'312',	'2024-07-03 23:35:54'),
(358,	'Warning: Trying to access array offset on int /var/www/html/src/Containerizer/TwitchStreamerContainerizer.php 67',	'twitch_streamer_containerizer',	500,	'337',	'2024-07-03 23:35:55'),
(359,	'Warning: Trying to access array offset on int /var/www/html/src/Containerizer/TwitchStreamerContainerizer.php 67',	'twitch_streamer_containerizer',	500,	'278',	'2024-07-03 23:40:32'),
(360,	'Warning: Trying to access array offset on int /var/www/html/src/Containerizer/TwitchStreamerContainerizer.php 67',	'twitch_streamer_containerizer',	500,	'317',	'2024-07-03 23:40:34'),
(361,	'Warning: Trying to access array offset on int /var/www/html/src/Containerizer/TwitchStreamerContainerizer.php 67',	'twitch_streamer_containerizer',	500,	'318',	'2024-07-03 23:40:34'),
(362,	'Warning: Trying to access array offset on int /var/www/html/src/Containerizer/TwitchStreamerContainerizer.php 67',	'twitch_streamer_containerizer',	500,	'320',	'2024-07-03 23:40:35'),
(363,	'Warning: Trying to access array offset on int /var/www/html/src/Containerizer/TwitchStreamerContainerizer.php 67',	'twitch_streamer_containerizer',	500,	'321',	'2024-07-03 23:40:35'),
(364,	'Warning: Trying to access array offset on int /var/www/html/src/Containerizer/TwitchStreamerContainerizer.php 67',	'twitch_streamer_containerizer',	500,	'323',	'2024-07-03 23:40:35'),
(365,	'Warning: Trying to access array offset on int /var/www/html/src/Containerizer/TwitchStreamerContainerizer.php 67',	'twitch_streamer_containerizer',	500,	'324',	'2024-07-03 23:40:35'),
(366,	'Warning: Trying to access array offset on int /var/www/html/src/Containerizer/TwitchStreamerContainerizer.php 67',	'twitch_streamer_containerizer',	500,	'284',	'2024-07-03 23:40:39'),
(367,	'Warning: Trying to access array offset on int /var/www/html/src/Containerizer/TwitchStreamerContainerizer.php 67',	'twitch_streamer_containerizer',	500,	'285',	'2024-07-03 23:40:39'),
(368,	'Warning: Trying to access array offset on int /var/www/html/src/Containerizer/TwitchStreamerContainerizer.php 67',	'twitch_streamer_containerizer',	500,	'287',	'2024-07-03 23:40:39'),
(369,	'Warning: Trying to access array offset on int /var/www/html/src/Containerizer/TwitchStreamerContainerizer.php 67',	'twitch_streamer_containerizer',	500,	'289',	'2024-07-03 23:40:39'),
(370,	'Warning: Trying to access array offset on int /var/www/html/src/Containerizer/TwitchStreamerContainerizer.php 67',	'twitch_streamer_containerizer',	500,	'290',	'2024-07-03 23:40:39'),
(371,	'Warning: Trying to access array offset on int /var/www/html/src/Containerizer/TwitchStreamerContainerizer.php 67',	'twitch_streamer_containerizer',	500,	'291',	'2024-07-03 23:40:39'),
(372,	'Warning: Trying to access array offset on int /var/www/html/src/Containerizer/TwitchStreamerContainerizer.php 67',	'twitch_streamer_containerizer',	500,	'292',	'2024-07-03 23:40:39'),
(373,	'Warning: Trying to access array offset on int /var/www/html/src/Containerizer/TwitchStreamerContainerizer.php 67',	'twitch_streamer_containerizer',	500,	'293',	'2024-07-03 23:40:39'),
(374,	'Warning: Trying to access array offset on int /var/www/html/src/Containerizer/TwitchStreamerContainerizer.php 67',	'twitch_streamer_containerizer',	500,	'294',	'2024-07-03 23:40:39'),
(375,	'Warning: Trying to access array offset on int /var/www/html/src/Containerizer/TwitchStreamerContainerizer.php 67',	'twitch_streamer_containerizer',	500,	'295',	'2024-07-03 23:40:39'),
(376,	'Warning: Trying to access array offset on int /var/www/html/src/Containerizer/TwitchStreamerContainerizer.php 67',	'twitch_streamer_containerizer',	500,	'296',	'2024-07-03 23:40:39'),
(377,	'Warning: Trying to access array offset on int /var/www/html/src/Containerizer/TwitchStreamerContainerizer.php 67',	'twitch_streamer_containerizer',	500,	'297',	'2024-07-03 23:40:40'),
(378,	'Warning: Trying to access array offset on int /var/www/html/src/Containerizer/TwitchStreamerContainerizer.php 67',	'twitch_streamer_containerizer',	500,	'298',	'2024-07-03 23:40:40'),
(379,	'Warning: Trying to access array offset on int /var/www/html/src/Containerizer/TwitchStreamerContainerizer.php 67',	'twitch_streamer_containerizer',	500,	'299',	'2024-07-03 23:40:40'),
(380,	'Warning: Trying to access array offset on int /var/www/html/src/Containerizer/TwitchStreamerContainerizer.php 67',	'twitch_streamer_containerizer',	500,	'307',	'2024-07-03 23:40:44'),
(381,	'Warning: Trying to access array offset on int /var/www/html/src/Containerizer/TwitchStreamerContainerizer.php 67',	'twitch_streamer_containerizer',	500,	'329',	'2024-07-03 23:40:45'),
(382,	'Warning: Trying to access array offset on int /var/www/html/src/Containerizer/TwitchStreamerContainerizer.php 67',	'twitch_streamer_containerizer',	500,	'332',	'2024-07-03 23:40:46'),
(383,	'Warning: Trying to access array offset on int /var/www/html/src/Containerizer/TwitchStreamerContainerizer.php 67',	'twitch_streamer_containerizer',	500,	'312',	'2024-07-03 23:40:46'),
(384,	'Warning: Trying to access array offset on int /var/www/html/src/Containerizer/TwitchStreamerContainerizer.php 67',	'twitch_streamer_containerizer',	500,	'337',	'2024-07-03 23:40:47'),
(385,	'Warning: Trying to access array offset on int /var/www/html/src/Containerizer/TwitchStreamerContainerizer.php 67',	'twitch_streamer_containerizer',	500,	'278',	'2024-07-03 23:42:21'),
(386,	'Warning: Trying to access array offset on int /var/www/html/src/Containerizer/TwitchStreamerContainerizer.php 67',	'twitch_streamer_containerizer',	500,	'317',	'2024-07-03 23:42:23'),
(387,	'Warning: Trying to access array offset on int /var/www/html/src/Containerizer/TwitchStreamerContainerizer.php 67',	'twitch_streamer_containerizer',	500,	'318',	'2024-07-03 23:42:23'),
(388,	'Warning: Trying to access array offset on int /var/www/html/src/Containerizer/TwitchStreamerContainerizer.php 67',	'twitch_streamer_containerizer',	500,	'320',	'2024-07-03 23:42:23'),
(389,	'Warning: Trying to access array offset on int /var/www/html/src/Containerizer/TwitchStreamerContainerizer.php 67',	'twitch_streamer_containerizer',	500,	'321',	'2024-07-03 23:42:23'),
(390,	'Warning: Trying to access array offset on int /var/www/html/src/Containerizer/TwitchStreamerContainerizer.php 67',	'twitch_streamer_containerizer',	500,	'323',	'2024-07-03 23:42:24'),
(391,	'Warning: Trying to access array offset on int /var/www/html/src/Containerizer/TwitchStreamerContainerizer.php 67',	'twitch_streamer_containerizer',	500,	'324',	'2024-07-03 23:42:24'),
(392,	'Warning: Trying to access array offset on int /var/www/html/src/Containerizer/TwitchStreamerContainerizer.php 67',	'twitch_streamer_containerizer',	500,	'284',	'2024-07-03 23:42:27'),
(393,	'Warning: Trying to access array offset on int /var/www/html/src/Containerizer/TwitchStreamerContainerizer.php 67',	'twitch_streamer_containerizer',	500,	'285',	'2024-07-03 23:42:27'),
(394,	'Warning: Trying to access array offset on int /var/www/html/src/Containerizer/TwitchStreamerContainerizer.php 67',	'twitch_streamer_containerizer',	500,	'287',	'2024-07-03 23:42:27'),
(395,	'Warning: Trying to access array offset on int /var/www/html/src/Containerizer/TwitchStreamerContainerizer.php 67',	'twitch_streamer_containerizer',	500,	'289',	'2024-07-03 23:42:27'),
(396,	'Warning: Trying to access array offset on int /var/www/html/src/Containerizer/TwitchStreamerContainerizer.php 67',	'twitch_streamer_containerizer',	500,	'290',	'2024-07-03 23:42:27'),
(397,	'Warning: Trying to access array offset on int /var/www/html/src/Containerizer/TwitchStreamerContainerizer.php 67',	'twitch_streamer_containerizer',	500,	'291',	'2024-07-03 23:42:27'),
(398,	'Warning: Trying to access array offset on int /var/www/html/src/Containerizer/TwitchStreamerContainerizer.php 67',	'twitch_streamer_containerizer',	500,	'292',	'2024-07-03 23:42:27'),
(399,	'Warning: Trying to access array offset on int /var/www/html/src/Containerizer/TwitchStreamerContainerizer.php 67',	'twitch_streamer_containerizer',	500,	'293',	'2024-07-03 23:42:27'),
(400,	'Warning: Trying to access array offset on int /var/www/html/src/Containerizer/TwitchStreamerContainerizer.php 67',	'twitch_streamer_containerizer',	500,	'294',	'2024-07-03 23:42:27'),
(401,	'Warning: Trying to access array offset on int /var/www/html/src/Containerizer/TwitchStreamerContainerizer.php 67',	'twitch_streamer_containerizer',	500,	'295',	'2024-07-03 23:42:27'),
(402,	'Warning: Trying to access array offset on int /var/www/html/src/Containerizer/TwitchStreamerContainerizer.php 67',	'twitch_streamer_containerizer',	500,	'296',	'2024-07-03 23:42:28'),
(403,	'Warning: Trying to access array offset on int /var/www/html/src/Containerizer/TwitchStreamerContainerizer.php 67',	'twitch_streamer_containerizer',	500,	'297',	'2024-07-03 23:42:28'),
(404,	'Warning: Trying to access array offset on int /var/www/html/src/Containerizer/TwitchStreamerContainerizer.php 67',	'twitch_streamer_containerizer',	500,	'298',	'2024-07-03 23:42:28'),
(405,	'Warning: Trying to access array offset on int /var/www/html/src/Containerizer/TwitchStreamerContainerizer.php 67',	'twitch_streamer_containerizer',	500,	'299',	'2024-07-03 23:42:28'),
(406,	'Warning: Trying to access array offset on int /var/www/html/src/Containerizer/TwitchStreamerContainerizer.php 67',	'twitch_streamer_containerizer',	500,	'307',	'2024-07-03 23:42:32'),
(407,	'Warning: Trying to access array offset on int /var/www/html/src/Containerizer/TwitchStreamerContainerizer.php 67',	'twitch_streamer_containerizer',	500,	'329',	'2024-07-03 23:42:33'),
(408,	'Warning: Trying to access array offset on int /var/www/html/src/Containerizer/TwitchStreamerContainerizer.php 67',	'twitch_streamer_containerizer',	500,	'332',	'2024-07-03 23:42:34'),
(409,	'Warning: Trying to access array offset on int /var/www/html/src/Containerizer/TwitchStreamerContainerizer.php 67',	'twitch_streamer_containerizer',	500,	'312',	'2024-07-03 23:42:35'),
(410,	'Warning: Trying to access array offset on int /var/www/html/src/Containerizer/TwitchStreamerContainerizer.php 67',	'twitch_streamer_containerizer',	500,	'337',	'2024-07-03 23:42:35'),
(411,	'Warning: Trying to access array offset on int /var/www/html/src/Containerizer/TwitchStreamerContainerizer.php 67',	'twitch_streamer_containerizer',	500,	'278',	'2024-07-03 23:46:05'),
(412,	'Warning: Trying to access array offset on int /var/www/html/src/Containerizer/TwitchStreamerContainerizer.php 67',	'twitch_streamer_containerizer',	500,	'317',	'2024-07-03 23:46:07'),
(413,	'Warning: Trying to access array offset on int /var/www/html/src/Containerizer/TwitchStreamerContainerizer.php 67',	'twitch_streamer_containerizer',	500,	'318',	'2024-07-03 23:46:07'),
(414,	'Warning: Trying to access array offset on int /var/www/html/src/Containerizer/TwitchStreamerContainerizer.php 67',	'twitch_streamer_containerizer',	500,	'320',	'2024-07-03 23:46:08'),
(415,	'Warning: Trying to access array offset on int /var/www/html/src/Containerizer/TwitchStreamerContainerizer.php 67',	'twitch_streamer_containerizer',	500,	'321',	'2024-07-03 23:46:08'),
(416,	'Warning: Trying to access array offset on int /var/www/html/src/Containerizer/TwitchStreamerContainerizer.php 67',	'twitch_streamer_containerizer',	500,	'323',	'2024-07-03 23:46:09'),
(417,	'Warning: Trying to access array offset on int /var/www/html/src/Containerizer/TwitchStreamerContainerizer.php 67',	'twitch_streamer_containerizer',	500,	'324',	'2024-07-03 23:46:09'),
(418,	'Warning: Trying to access array offset on int /var/www/html/src/Containerizer/TwitchStreamerContainerizer.php 67',	'twitch_streamer_containerizer',	500,	'284',	'2024-07-03 23:46:12'),
(419,	'Warning: Trying to access array offset on int /var/www/html/src/Containerizer/TwitchStreamerContainerizer.php 67',	'twitch_streamer_containerizer',	500,	'285',	'2024-07-03 23:46:12'),
(420,	'Warning: Trying to access array offset on int /var/www/html/src/Containerizer/TwitchStreamerContainerizer.php 67',	'twitch_streamer_containerizer',	500,	'287',	'2024-07-03 23:46:12'),
(421,	'Warning: Trying to access array offset on int /var/www/html/src/Containerizer/TwitchStreamerContainerizer.php 67',	'twitch_streamer_containerizer',	500,	'289',	'2024-07-03 23:46:12'),
(422,	'Warning: Trying to access array offset on int /var/www/html/src/Containerizer/TwitchStreamerContainerizer.php 67',	'twitch_streamer_containerizer',	500,	'290',	'2024-07-03 23:46:12'),
(423,	'Warning: Trying to access array offset on int /var/www/html/src/Containerizer/TwitchStreamerContainerizer.php 67',	'twitch_streamer_containerizer',	500,	'291',	'2024-07-03 23:46:12'),
(424,	'Warning: Trying to access array offset on int /var/www/html/src/Containerizer/TwitchStreamerContainerizer.php 67',	'twitch_streamer_containerizer',	500,	'292',	'2024-07-03 23:46:12'),
(425,	'Warning: Trying to access array offset on int /var/www/html/src/Containerizer/TwitchStreamerContainerizer.php 67',	'twitch_streamer_containerizer',	500,	'293',	'2024-07-03 23:46:12'),
(426,	'Warning: Trying to access array offset on int /var/www/html/src/Containerizer/TwitchStreamerContainerizer.php 67',	'twitch_streamer_containerizer',	500,	'294',	'2024-07-03 23:46:12'),
(427,	'Warning: Trying to access array offset on int /var/www/html/src/Containerizer/TwitchStreamerContainerizer.php 67',	'twitch_streamer_containerizer',	500,	'295',	'2024-07-03 23:46:12'),
(428,	'Warning: Trying to access array offset on int /var/www/html/src/Containerizer/TwitchStreamerContainerizer.php 67',	'twitch_streamer_containerizer',	500,	'296',	'2024-07-03 23:46:13'),
(429,	'Warning: Trying to access array offset on int /var/www/html/src/Containerizer/TwitchStreamerContainerizer.php 67',	'twitch_streamer_containerizer',	500,	'297',	'2024-07-03 23:46:13'),
(430,	'Warning: Trying to access array offset on int /var/www/html/src/Containerizer/TwitchStreamerContainerizer.php 67',	'twitch_streamer_containerizer',	500,	'298',	'2024-07-03 23:46:13'),
(431,	'Warning: Trying to access array offset on int /var/www/html/src/Containerizer/TwitchStreamerContainerizer.php 67',	'twitch_streamer_containerizer',	500,	'299',	'2024-07-03 23:46:13'),
(432,	'Warning: Trying to access array offset on int /var/www/html/src/Containerizer/TwitchStreamerContainerizer.php 67',	'twitch_streamer_containerizer',	500,	'307',	'2024-07-03 23:46:17'),
(433,	'Warning: Trying to access array offset on int /var/www/html/src/Containerizer/TwitchStreamerContainerizer.php 67',	'twitch_streamer_containerizer',	500,	'329',	'2024-07-03 23:46:18'),
(434,	'Warning: Trying to access array offset on int /var/www/html/src/Containerizer/TwitchStreamerContainerizer.php 67',	'twitch_streamer_containerizer',	500,	'332',	'2024-07-03 23:46:19'),
(435,	'Warning: Trying to access array offset on int /var/www/html/src/Containerizer/TwitchStreamerContainerizer.php 67',	'twitch_streamer_containerizer',	500,	'312',	'2024-07-03 23:46:20'),
(436,	'Warning: Trying to access array offset on int /var/www/html/src/Containerizer/TwitchStreamerContainerizer.php 67',	'twitch_streamer_containerizer',	500,	'337',	'2024-07-03 23:46:20'),
(437,	'Warning: Trying to access array offset on int /var/www/html/src/Containerizer/TwitchStreamerContainerizer.php 67',	'twitch_streamer_containerizer',	500,	'278',	'2024-07-05 00:05:42'),
(438,	'Warning: Trying to access array offset on int /var/www/html/src/Containerizer/TwitchStreamerContainerizer.php 67',	'twitch_streamer_containerizer',	500,	'317',	'2024-07-05 00:05:44'),
(439,	'Warning: Trying to access array offset on int /var/www/html/src/Containerizer/TwitchStreamerContainerizer.php 67',	'twitch_streamer_containerizer',	500,	'318',	'2024-07-05 00:05:44'),
(440,	'Warning: Trying to access array offset on int /var/www/html/src/Containerizer/TwitchStreamerContainerizer.php 67',	'twitch_streamer_containerizer',	500,	'320',	'2024-07-05 00:05:45'),
(441,	'Warning: Trying to access array offset on int /var/www/html/src/Containerizer/TwitchStreamerContainerizer.php 67',	'twitch_streamer_containerizer',	500,	'321',	'2024-07-05 00:05:45'),
(442,	'Warning: Trying to access array offset on int /var/www/html/src/Containerizer/TwitchStreamerContainerizer.php 67',	'twitch_streamer_containerizer',	500,	'323',	'2024-07-05 00:05:46'),
(443,	'Warning: Trying to access array offset on int /var/www/html/src/Containerizer/TwitchStreamerContainerizer.php 67',	'twitch_streamer_containerizer',	500,	'324',	'2024-07-05 00:05:46'),
(444,	'Warning: Trying to access array offset on int /var/www/html/src/Containerizer/TwitchStreamerContainerizer.php 67',	'twitch_streamer_containerizer',	500,	'284',	'2024-07-05 00:05:49'),
(445,	'Warning: Trying to access array offset on int /var/www/html/src/Containerizer/TwitchStreamerContainerizer.php 67',	'twitch_streamer_containerizer',	500,	'285',	'2024-07-05 00:05:49'),
(446,	'Warning: Trying to access array offset on int /var/www/html/src/Containerizer/TwitchStreamerContainerizer.php 67',	'twitch_streamer_containerizer',	500,	'287',	'2024-07-05 00:05:49'),
(447,	'Warning: Trying to access array offset on int /var/www/html/src/Containerizer/TwitchStreamerContainerizer.php 67',	'twitch_streamer_containerizer',	500,	'289',	'2024-07-05 00:05:49'),
(448,	'Warning: Trying to access array offset on int /var/www/html/src/Containerizer/TwitchStreamerContainerizer.php 67',	'twitch_streamer_containerizer',	500,	'290',	'2024-07-05 00:05:49'),
(449,	'Warning: Trying to access array offset on int /var/www/html/src/Containerizer/TwitchStreamerContainerizer.php 67',	'twitch_streamer_containerizer',	500,	'291',	'2024-07-05 00:05:49'),
(450,	'Warning: Trying to access array offset on int /var/www/html/src/Containerizer/TwitchStreamerContainerizer.php 67',	'twitch_streamer_containerizer',	500,	'292',	'2024-07-05 00:05:49'),
(451,	'Warning: Trying to access array offset on int /var/www/html/src/Containerizer/TwitchStreamerContainerizer.php 67',	'twitch_streamer_containerizer',	500,	'293',	'2024-07-05 00:05:50'),
(452,	'Warning: Trying to access array offset on int /var/www/html/src/Containerizer/TwitchStreamerContainerizer.php 67',	'twitch_streamer_containerizer',	500,	'294',	'2024-07-05 00:05:50'),
(453,	'Warning: Trying to access array offset on int /var/www/html/src/Containerizer/TwitchStreamerContainerizer.php 67',	'twitch_streamer_containerizer',	500,	'295',	'2024-07-05 00:05:50'),
(454,	'Warning: Trying to access array offset on int /var/www/html/src/Containerizer/TwitchStreamerContainerizer.php 67',	'twitch_streamer_containerizer',	500,	'296',	'2024-07-05 00:05:50'),
(455,	'Warning: Trying to access array offset on int /var/www/html/src/Containerizer/TwitchStreamerContainerizer.php 67',	'twitch_streamer_containerizer',	500,	'297',	'2024-07-05 00:05:50'),
(456,	'Warning: Trying to access array offset on int /var/www/html/src/Containerizer/TwitchStreamerContainerizer.php 67',	'twitch_streamer_containerizer',	500,	'298',	'2024-07-05 00:05:50'),
(457,	'Warning: Trying to access array offset on int /var/www/html/src/Containerizer/TwitchStreamerContainerizer.php 67',	'twitch_streamer_containerizer',	500,	'299',	'2024-07-05 00:05:50'),
(458,	'Warning: Trying to access array offset on int /var/www/html/src/Containerizer/TwitchStreamerContainerizer.php 67',	'twitch_streamer_containerizer',	500,	'307',	'2024-07-05 00:05:55'),
(459,	'Warning: Trying to access array offset on int /var/www/html/src/Containerizer/TwitchStreamerContainerizer.php 67',	'twitch_streamer_containerizer',	500,	'329',	'2024-07-05 00:05:56'),
(460,	'Warning: Trying to access array offset on int /var/www/html/src/Containerizer/TwitchStreamerContainerizer.php 67',	'twitch_streamer_containerizer',	500,	'332',	'2024-07-05 00:05:57'),
(461,	'Warning: Trying to access array offset on int /var/www/html/src/Containerizer/TwitchStreamerContainerizer.php 67',	'twitch_streamer_containerizer',	500,	'312',	'2024-07-05 00:05:57'),
(462,	'Warning: Trying to access array offset on int /var/www/html/src/Containerizer/TwitchStreamerContainerizer.php 67',	'twitch_streamer_containerizer',	500,	'337',	'2024-07-05 00:05:58'),
(463,	'Warning: Trying to access array offset on int /var/www/html/src/Containerizer/TwitchStreamerContainerizer.php 67',	'twitch_streamer_containerizer',	500,	'278',	'2024-07-05 01:10:21'),
(464,	'Warning: Trying to access array offset on int /var/www/html/src/Containerizer/TwitchStreamerContainerizer.php 67',	'twitch_streamer_containerizer',	500,	'317',	'2024-07-05 01:10:24'),
(465,	'Warning: Trying to access array offset on int /var/www/html/src/Containerizer/TwitchStreamerContainerizer.php 67',	'twitch_streamer_containerizer',	500,	'318',	'2024-07-05 01:10:24'),
(466,	'Warning: Trying to access array offset on int /var/www/html/src/Containerizer/TwitchStreamerContainerizer.php 67',	'twitch_streamer_containerizer',	500,	'320',	'2024-07-05 01:10:25'),
(467,	'Warning: Trying to access array offset on int /var/www/html/src/Containerizer/TwitchStreamerContainerizer.php 67',	'twitch_streamer_containerizer',	500,	'321',	'2024-07-05 01:10:25'),
(468,	'Warning: Trying to access array offset on int /var/www/html/src/Containerizer/TwitchStreamerContainerizer.php 67',	'twitch_streamer_containerizer',	500,	'323',	'2024-07-05 01:10:26'),
(469,	'Warning: Trying to access array offset on int /var/www/html/src/Containerizer/TwitchStreamerContainerizer.php 67',	'twitch_streamer_containerizer',	500,	'324',	'2024-07-05 01:10:26'),
(470,	'Warning: Trying to access array offset on int /var/www/html/src/Containerizer/TwitchStreamerContainerizer.php 67',	'twitch_streamer_containerizer',	500,	'284',	'2024-07-05 01:10:30'),
(471,	'Warning: Trying to access array offset on int /var/www/html/src/Containerizer/TwitchStreamerContainerizer.php 67',	'twitch_streamer_containerizer',	500,	'285',	'2024-07-05 01:10:30'),
(472,	'Warning: Trying to access array offset on int /var/www/html/src/Containerizer/TwitchStreamerContainerizer.php 67',	'twitch_streamer_containerizer',	500,	'287',	'2024-07-05 01:10:30'),
(473,	'Warning: Trying to access array offset on int /var/www/html/src/Containerizer/TwitchStreamerContainerizer.php 67',	'twitch_streamer_containerizer',	500,	'289',	'2024-07-05 01:10:30'),
(474,	'Warning: Trying to access array offset on int /var/www/html/src/Containerizer/TwitchStreamerContainerizer.php 67',	'twitch_streamer_containerizer',	500,	'290',	'2024-07-05 01:10:30'),
(475,	'Warning: Trying to access array offset on int /var/www/html/src/Containerizer/TwitchStreamerContainerizer.php 67',	'twitch_streamer_containerizer',	500,	'291',	'2024-07-05 01:10:30'),
(476,	'Warning: Trying to access array offset on int /var/www/html/src/Containerizer/TwitchStreamerContainerizer.php 67',	'twitch_streamer_containerizer',	500,	'292',	'2024-07-05 01:10:30'),
(477,	'Warning: Trying to access array offset on int /var/www/html/src/Containerizer/TwitchStreamerContainerizer.php 67',	'twitch_streamer_containerizer',	500,	'293',	'2024-07-05 01:10:30'),
(478,	'Warning: Trying to access array offset on int /var/www/html/src/Containerizer/TwitchStreamerContainerizer.php 67',	'twitch_streamer_containerizer',	500,	'294',	'2024-07-05 01:10:30'),
(479,	'Warning: Trying to access array offset on int /var/www/html/src/Containerizer/TwitchStreamerContainerizer.php 67',	'twitch_streamer_containerizer',	500,	'295',	'2024-07-05 01:10:30'),
(480,	'Warning: Trying to access array offset on int /var/www/html/src/Containerizer/TwitchStreamerContainerizer.php 67',	'twitch_streamer_containerizer',	500,	'296',	'2024-07-05 01:10:31'),
(481,	'Warning: Trying to access array offset on int /var/www/html/src/Containerizer/TwitchStreamerContainerizer.php 67',	'twitch_streamer_containerizer',	500,	'297',	'2024-07-05 01:10:31'),
(482,	'Warning: Trying to access array offset on int /var/www/html/src/Containerizer/TwitchStreamerContainerizer.php 67',	'twitch_streamer_containerizer',	500,	'298',	'2024-07-05 01:10:31'),
(483,	'Warning: Trying to access array offset on int /var/www/html/src/Containerizer/TwitchStreamerContainerizer.php 67',	'twitch_streamer_containerizer',	500,	'299',	'2024-07-05 01:10:31'),
(484,	'Warning: Trying to access array offset on int /var/www/html/src/Containerizer/TwitchStreamerContainerizer.php 67',	'twitch_streamer_containerizer',	500,	'307',	'2024-07-05 01:10:37'),
(485,	'Warning: Trying to access array offset on int /var/www/html/src/Containerizer/TwitchStreamerContainerizer.php 67',	'twitch_streamer_containerizer',	500,	'329',	'2024-07-05 01:10:38'),
(486,	'Warning: Trying to access array offset on int /var/www/html/src/Containerizer/TwitchStreamerContainerizer.php 67',	'twitch_streamer_containerizer',	500,	'332',	'2024-07-05 01:10:39'),
(487,	'Warning: Trying to access array offset on int /var/www/html/src/Containerizer/TwitchStreamerContainerizer.php 67',	'twitch_streamer_containerizer',	500,	'312',	'2024-07-05 01:10:40'),
(488,	'Warning: Trying to access array offset on int /var/www/html/src/Containerizer/TwitchStreamerContainerizer.php 67',	'twitch_streamer_containerizer',	500,	'337',	'2024-07-05 01:10:41'),
(489,	'Warning: Trying to access array offset on int /var/www/html/src/Containerizer/TwitchStreamerContainerizer.php 67',	'twitch_streamer_containerizer',	500,	'278',	'2024-07-07 23:23:47'),
(490,	'Warning: Trying to access array offset on int /var/www/html/src/Containerizer/TwitchStreamerContainerizer.php 67',	'twitch_streamer_containerizer',	500,	'317',	'2024-07-07 23:23:50'),
(491,	'Warning: Trying to access array offset on int /var/www/html/src/Containerizer/TwitchStreamerContainerizer.php 67',	'twitch_streamer_containerizer',	500,	'318',	'2024-07-07 23:23:50'),
(492,	'Warning: Trying to access array offset on int /var/www/html/src/Containerizer/TwitchStreamerContainerizer.php 67',	'twitch_streamer_containerizer',	500,	'320',	'2024-07-07 23:23:50'),
(493,	'Warning: Trying to access array offset on int /var/www/html/src/Containerizer/TwitchStreamerContainerizer.php 67',	'twitch_streamer_containerizer',	500,	'321',	'2024-07-07 23:23:50'),
(494,	'Warning: Trying to access array offset on int /var/www/html/src/Containerizer/TwitchStreamerContainerizer.php 67',	'twitch_streamer_containerizer',	500,	'323',	'2024-07-07 23:23:51'),
(495,	'Warning: Trying to access array offset on int /var/www/html/src/Containerizer/TwitchStreamerContainerizer.php 67',	'twitch_streamer_containerizer',	500,	'324',	'2024-07-07 23:23:51'),
(496,	'Warning: Trying to access array offset on int /var/www/html/src/Containerizer/TwitchStreamerContainerizer.php 67',	'twitch_streamer_containerizer',	500,	'284',	'2024-07-07 23:23:54'),
(497,	'Warning: Trying to access array offset on int /var/www/html/src/Containerizer/TwitchStreamerContainerizer.php 67',	'twitch_streamer_containerizer',	500,	'285',	'2024-07-07 23:23:54'),
(498,	'Warning: Trying to access array offset on int /var/www/html/src/Containerizer/TwitchStreamerContainerizer.php 67',	'twitch_streamer_containerizer',	500,	'287',	'2024-07-07 23:23:54'),
(499,	'Warning: Trying to access array offset on int /var/www/html/src/Containerizer/TwitchStreamerContainerizer.php 67',	'twitch_streamer_containerizer',	500,	'289',	'2024-07-07 23:23:54'),
(500,	'Warning: Trying to access array offset on int /var/www/html/src/Containerizer/TwitchStreamerContainerizer.php 67',	'twitch_streamer_containerizer',	500,	'290',	'2024-07-07 23:23:54'),
(501,	'Warning: Trying to access array offset on int /var/www/html/src/Containerizer/TwitchStreamerContainerizer.php 67',	'twitch_streamer_containerizer',	500,	'291',	'2024-07-07 23:23:54'),
(502,	'Warning: Trying to access array offset on int /var/www/html/src/Containerizer/TwitchStreamerContainerizer.php 67',	'twitch_streamer_containerizer',	500,	'292',	'2024-07-07 23:23:54'),
(503,	'Warning: Trying to access array offset on int /var/www/html/src/Containerizer/TwitchStreamerContainerizer.php 67',	'twitch_streamer_containerizer',	500,	'293',	'2024-07-07 23:23:54'),
(504,	'Warning: Trying to access array offset on int /var/www/html/src/Containerizer/TwitchStreamerContainerizer.php 67',	'twitch_streamer_containerizer',	500,	'294',	'2024-07-07 23:23:55'),
(505,	'Warning: Trying to access array offset on int /var/www/html/src/Containerizer/TwitchStreamerContainerizer.php 67',	'twitch_streamer_containerizer',	500,	'295',	'2024-07-07 23:23:55'),
(506,	'Warning: Trying to access array offset on int /var/www/html/src/Containerizer/TwitchStreamerContainerizer.php 67',	'twitch_streamer_containerizer',	500,	'296',	'2024-07-07 23:23:55'),
(507,	'Warning: Trying to access array offset on int /var/www/html/src/Containerizer/TwitchStreamerContainerizer.php 67',	'twitch_streamer_containerizer',	500,	'297',	'2024-07-07 23:23:55'),
(508,	'Warning: Trying to access array offset on int /var/www/html/src/Containerizer/TwitchStreamerContainerizer.php 67',	'twitch_streamer_containerizer',	500,	'298',	'2024-07-07 23:23:55'),
(509,	'Warning: Trying to access array offset on int /var/www/html/src/Containerizer/TwitchStreamerContainerizer.php 67',	'twitch_streamer_containerizer',	500,	'299',	'2024-07-07 23:23:55'),
(510,	'Warning: Trying to access array offset on int /var/www/html/src/Containerizer/TwitchStreamerContainerizer.php 67',	'twitch_streamer_containerizer',	500,	'307',	'2024-07-07 23:23:59'),
(511,	'Warning: Trying to access array offset on int /var/www/html/src/Containerizer/TwitchStreamerContainerizer.php 67',	'twitch_streamer_containerizer',	500,	'329',	'2024-07-07 23:24:00'),
(512,	'Warning: Trying to access array offset on int /var/www/html/src/Containerizer/TwitchStreamerContainerizer.php 67',	'twitch_streamer_containerizer',	500,	'332',	'2024-07-07 23:24:01'),
(513,	'Warning: Trying to access array offset on int /var/www/html/src/Containerizer/TwitchStreamerContainerizer.php 67',	'twitch_streamer_containerizer',	500,	'312',	'2024-07-07 23:24:02'),
(514,	'Warning: Trying to access array offset on int /var/www/html/src/Containerizer/TwitchStreamerContainerizer.php 67',	'twitch_streamer_containerizer',	500,	'337',	'2024-07-07 23:24:02');

DROP TABLE IF EXISTS `fos_user_user_group`;
CREATE TABLE `fos_user_user_group` (
  `user_id` int(11) NOT NULL,
  `group_id` int(11) NOT NULL,
  PRIMARY KEY (`user_id`,`group_id`),
  KEY `IDX_B3C77447A76ED395` (`user_id`),
  KEY `IDX_B3C77447FE54D947` (`group_id`),
  CONSTRAINT `fos_user_user_group_FK_0_0` FOREIGN KEY (`group_id`) REFERENCES `fos_user__group` (`id`) ON DELETE CASCADE,
  CONSTRAINT `fos_user_user_group_FK_1_0` FOREIGN KEY (`user_id`) REFERENCES `fos_user__user` (`id`) ON DELETE CASCADE
) ENGINE=InnoDB DEFAULT CHARSET=utf8mb4 COLLATE=utf8mb4_general_ci;


DROP TABLE IF EXISTS `fos_user__group`;
CREATE TABLE `fos_user__group` (
  `id` int(11) NOT NULL AUTO_INCREMENT,
  `name` varchar(180) NOT NULL,
  `roles` longtext NOT NULL COMMENT '(DC2Type:array)',
  PRIMARY KEY (`id`),
  UNIQUE KEY `UNIQ_CDA27E965E237E06` (`name`)
) ENGINE=InnoDB DEFAULT CHARSET=utf8mb4 COLLATE=utf8mb4_general_ci;


DROP TABLE IF EXISTS `fos_user__user`;
CREATE TABLE `fos_user__user` (
  `id` int(11) NOT NULL AUTO_INCREMENT,
  `username` varchar(180) NOT NULL,
  `username_canonical` varchar(180) NOT NULL,
  `email` varchar(180) NOT NULL,
  `email_canonical` varchar(180) NOT NULL,
  `enabled` tinyint(1) NOT NULL,
  `salt` varchar(255) DEFAULT NULL,
  `password` varchar(255) NOT NULL,
  `last_login` datetime DEFAULT NULL,
  `confirmation_token` varchar(180) DEFAULT NULL,
  `password_requested_at` datetime DEFAULT NULL,
  `roles` longtext NOT NULL COMMENT '(DC2Type:array)',
  `created_at` datetime NOT NULL,
  `updated_at` datetime NOT NULL,
  `date_of_birth` datetime DEFAULT NULL,
  `firstname` varchar(64) DEFAULT NULL,
  `lastname` varchar(64) DEFAULT NULL,
  `website` varchar(64) DEFAULT NULL,
  `biography` varchar(1000) DEFAULT NULL,
  `gender` varchar(1) DEFAULT NULL,
  `locale` varchar(8) DEFAULT NULL,
  `timezone` varchar(64) DEFAULT NULL,
  `phone` varchar(64) DEFAULT NULL,
  `facebook_uid` varchar(255) DEFAULT NULL,
  `facebook_name` varchar(255) DEFAULT NULL,
  `facebook_data` longtext DEFAULT NULL COMMENT '(DC2Type:json)',
  `twitter_uid` varchar(255) DEFAULT NULL,
  `twitter_name` varchar(255) DEFAULT NULL,
  `twitter_data` longtext DEFAULT NULL COMMENT '(DC2Type:json)',
  `gplus_uid` varchar(255) DEFAULT NULL,
  `gplus_name` varchar(255) DEFAULT NULL,
  `gplus_data` longtext DEFAULT NULL COMMENT '(DC2Type:json)',
  `token` varchar(255) DEFAULT NULL,
  `two_step_code` varchar(255) DEFAULT NULL,
  `twitch_user_id` varchar(255) DEFAULT NULL,
  `twitch_access_token` varchar(500) DEFAULT NULL,
  `twitch_refresh_token` varchar(500) DEFAULT NULL,
  PRIMARY KEY (`id`),
  UNIQUE KEY `UNIQ_E54BFDA9A0D96FBF` (`email_canonical`),
  UNIQUE KEY `UNIQ_E54BFDA992FC23A8` (`username_canonical`),
  UNIQUE KEY `UNIQ_E54BFDA9C05FB297` (`confirmation_token`)
) ENGINE=InnoDB DEFAULT CHARSET=utf8mb4 COLLATE=utf8mb4_general_ci;

INSERT INTO `fos_user__user` (`id`, `username`, `username_canonical`, `email`, `email_canonical`, `enabled`, `salt`, `password`, `last_login`, `confirmation_token`, `password_requested_at`, `roles`, `created_at`, `updated_at`, `date_of_birth`, `firstname`, `lastname`, `website`, `biography`, `gender`, `locale`, `timezone`, `phone`, `facebook_uid`, `facebook_name`, `facebook_data`, `twitter_uid`, `twitter_name`, `twitter_data`, `gplus_uid`, `gplus_name`, `gplus_data`, `token`, `two_step_code`, `twitch_user_id`, `twitch_access_token`, `twitch_refresh_token`) VALUES
(1,	'admin',	'admin',	'local@local.host',	'local@local.host',	1,	NULL,	'$2y$10$KbRVkNYjw7RV8X2h6pp3zuVvFHqh6LEhT7XPRR8079gnRdlsmbXA2',	'2024-07-07 23:23:12',	NULL,	NULL,	'a:1:{i:0;s:16:\"ROLE_SUPER_ADMIN\";}',	'2023-02-18 00:29:10',	'2024-06-24 04:11:16',	NULL,	NULL,	NULL,	NULL,	NULL,	'u',	NULL,	NULL,	NULL,	NULL,	NULL,	NULL,	NULL,	NULL,	NULL,	NULL,	NULL,	NULL,	NULL,	NULL,	NULL,	NULL,	NULL),
(2,	'devgalitein1',	'devgalitein1',	'dev.galitein@gmail.com',	'dev.galitein@gmail.com',	0,	NULL,	'',	NULL,	NULL,	NULL,	'a:1:{i:0;s:18:\"ROLE_LOGIN_ALLOWED\";}',	'2024-04-05 05:34:13',	'2024-06-18 05:48:42',	NULL,	'devgalitein1',	NULL,	NULL,	NULL,	'u',	NULL,	NULL,	NULL,	NULL,	NULL,	NULL,	NULL,	NULL,	NULL,	NULL,	NULL,	NULL,	NULL,	NULL,	'887000309',	'a7hmowkwl9oanp92zus7zs49neuq8y',	'ybx3ic67px1u2i5weoo6wk9tf0164qbl2ododfkud1uyq1to0t');

DROP TABLE IF EXISTS `home_row`;
CREATE TABLE `home_row` (
  `id` int(11) NOT NULL AUTO_INCREMENT,
  `partner_id` int(11) DEFAULT NULL,
  `title` varchar(255) NOT NULL,
  `sort_index` smallint(6) DEFAULT NULL,
  `layout` varchar(32) NOT NULL,
  `options` longtext CHARACTER SET utf8mb4 COLLATE utf8mb4_bin DEFAULT NULL CHECK (json_valid(`options`)),
  `is_published` tinyint(1) NOT NULL,
  `is_glow_styling` varchar(100) NOT NULL,
  `is_corner_cut` varchar(100) NOT NULL,
  `timezone` varchar(255) DEFAULT NULL,
  `is_published_start` time DEFAULT NULL,
  `is_published_end` time DEFAULT NULL,
  `on_gamers_xtv` tinyint(1) NOT NULL DEFAULT 0,
  `row_padding_top` int(11) DEFAULT 0,
  `row_padding_bottom` int(11) DEFAULT 0,
  PRIMARY KEY (`id`),
  KEY `IDX_16758CEF9393F8FE` (`partner_id`),
  CONSTRAINT `FK_16758CEF9393F8FE` FOREIGN KEY (`partner_id`) REFERENCES `partner` (`id`)
) ENGINE=InnoDB DEFAULT CHARSET=utf8mb4 COLLATE=utf8mb4_unicode_ci;

INSERT INTO `home_row` (`id`, `partner_id`, `title`, `sort_index`, `layout`, `options`, `is_published`, `is_glow_styling`, `is_corner_cut`, `timezone`, `is_published_start`, `is_published_end`, `on_gamers_xtv`, `row_padding_top`, `row_padding_bottom`) VALUES
(1,	NULL,	'FullWidthDescriptive',	4,	'FullWidthDescriptive',	'{\"maxLive\":2.0,\"itemSortType\":\"desc\",\"maxContainers\":6.0}',	1,	'enabled_if_live',	'enabled_if_live',	NULL,	'00:00:00',	'23:59:00',	1,	1,	2),
(2,	NULL,	'NumberedRow',	10,	'NumberedRow',	'{\"maxLive\":10,\"itemSortType\":\"desc\",\"maxContainers\":15}',	1,	'enabled_if_live',	'enabled_if_live',	'',	'00:00:00',	'23:59:00',	1,	0,	0),
(3,	NULL,	'FullWidthImagery',	70,	'FullWidthImagery',	'{\"maxLive\":5,\"itemSortType\":\"desc\",\"maxContainers\":5}',	1,	'enabled_if_live',	'enabled_if_live',	'',	'00:00:00',	'23:59:00',	0,	0,	0),
(4,	NULL,	'ClassicLg',	30,	'ClassicLg',	'{\"maxLive\":10,\"itemSortType\":\"desc\",\"maxContainers\":10}',	1,	'enabled_if_live',	'enabled_if_live',	'',	'00:00:00',	'23:59:00',	0,	0,	0),
(5,	NULL,	'ClassicMd',	40,	'ClassicMd',	'{\"maxLive\":8,\"itemSortType\":\"desc\",\"maxContainers\":12}',	1,	'enabled_if_live',	'enabled_if_live',	'',	'00:00:00',	'23:59:00',	0,	0,	0),
(6,	NULL,	'ClassicVertical',	60,	'ClassicVertical',	'{\"itemSortType\":\"fixed\",\"maxContainers\":6,\"maxLive\":4}',	1,	'enabled_if_live',	'enabled_if_live',	'',	'00:00:00',	'23:59:00',	0,	0,	0),
(7,	NULL,	'Parallax',	20,	'Parallax',	'{\"maxLive\":15,\"itemSortType\":\"desc\",\"maxContainers\":15}',	1,	'enabled_if_live',	'enabled_if_live',	'',	'00:00:00',	'23:59:00',	0,	0,	0),
(8,	NULL,	'ClassicSm',	50,	'ClassicSm',	'{\"itemSortType\":\"desc\"}',	1,	'enabled_if_live',	'enabled_if_live',	'',	'00:00:00',	'23:59:00',	0,	0,	0),
(40,	NULL,	'YT Playlist Demo',	1000,	'ClassicMd',	'{\"itemSortType\":\"desc\",\"maxContainers\":10,\"maxLive\":10}',	1,	'enabled_if_live',	'enabled_if_live',	'',	'00:00:00',	'23:59:00',	0,	0,	0);

DROP TABLE IF EXISTS `home_row_item`;
CREATE TABLE `home_row_item` (
  `id` int(11) NOT NULL AUTO_INCREMENT,
  `home_row_id` int(11) DEFAULT NULL,
  `partner_id` int(11) DEFAULT NULL,
  `label` varchar(255) DEFAULT NULL,
  `sort_index` smallint(6) NOT NULL,
  `item_type` varchar(32) NOT NULL,
  `video_id` varchar(255) DEFAULT NULL,
  `playlist_id` varchar(255) DEFAULT NULL,
  `topic` longtext CHARACTER SET utf8mb4 COLLATE utf8mb4_bin DEFAULT NULL CHECK (json_valid(`topic`)),
  `sort_and_trim_options` longtext CHARACTER SET utf8mb4 COLLATE utf8mb4_bin DEFAULT NULL CHECK (json_valid(`sort_and_trim_options`)),
  `show_art` tinyint(1) NOT NULL,
  `custom_art` varchar(255) DEFAULT NULL,
  `overlay_art` varchar(255) DEFAULT NULL,
  `offline_display_type` varchar(32) NOT NULL,
  `link_type` varchar(32) NOT NULL,
  `custom_link` varchar(255) DEFAULT NULL,
  `description` longtext DEFAULT NULL,
  `is_published` tinyint(1) NOT NULL,
  `timezone` varchar(255) DEFAULT NULL,
  `is_published_start` time DEFAULT NULL,
  `is_published_end` time DEFAULT NULL,
  `updated_at` datetime NOT NULL,
  `is_partner` tinyint(1) NOT NULL DEFAULT 0,
  `is_unique_container` tinyint(1) NOT NULL DEFAULT 0 COMMENT '0 = unique, 1 = allow repeat',
  PRIMARY KEY (`id`),
  KEY `IDX_19713E473A6004F` (`home_row_id`),
  KEY `IDX_19713E49393F8FE` (`partner_id`),
  CONSTRAINT `FK_19713E473A6004F` FOREIGN KEY (`home_row_id`) REFERENCES `home_row` (`id`),
  CONSTRAINT `FK_19713E49393F8FE` FOREIGN KEY (`partner_id`) REFERENCES `partner` (`id`)
) ENGINE=InnoDB DEFAULT CHARSET=utf8mb4 COLLATE=utf8mb4_unicode_ci;

INSERT INTO `home_row_item` (`id`, `home_row_id`, `partner_id`, `label`, `sort_index`, `item_type`, `video_id`, `playlist_id`, `topic`, `sort_and_trim_options`, `show_art`, `custom_art`, `overlay_art`, `offline_display_type`, `link_type`, `custom_link`, `description`, `is_published`, `timezone`, `is_published_start`, `is_published_end`, `updated_at`, `is_partner`, `is_unique_container`) VALUES
(278,	1,	NULL,	'Call of Duty',	0,	'streamer',	NULL,	NULL,	'{\"topicId\":\"501281\",\"label\":\"Call of Duty\"}',	'{\"itemSortType\":\"desc\",\"maxContainers\":1.0,\"maxLive\":1.0}',	0,	'n-wu7dt2ni.jpg',	'hZTig_dtit.jpg',	'none',	'external',	NULL,	NULL,	1,	NULL,	'00:00:00',	'23:59:00',	'2024-07-07 23:23:47',	0,	0),
(279,	7,	NULL,	NULL,	0,	'twitch_video',	'https://www.twitch.tv/videos/2183447014',	NULL,	'{\"label\":null,\"topicId\":null}',	'{\"maxLive\":1.0,\"itemSortType\":\"desc\",\"maxContainers\":1.0}',	0,	'hO6umJB3-Q.jpg',	'k8GUBUmw4u.jpg',	'art',	'external',	NULL,	NULL,	1,	'Asia/Kolkata',	'01:01:00',	'23:00:00',	'2024-07-07 23:23:52',	0,	0),
(280,	1,	NULL,	'League of Legends',	0,	'game',	NULL,	NULL,	'{\"label\":\"League of Legends\",\"topicId\":\"21779\"}',	'{\"maxLive\":1,\"itemSortType\":\"asc\",\"maxContainers\":1}',	0,	'49UxMb19jy.jpg',	'82srB2C37j.jpg',	'art',	'external',	NULL,	NULL,	1,	NULL,	'00:00:00',	'23:59:59',	'2024-07-07 23:23:47',	0,	0),
(281,	7,	NULL,	'Minecraft',	0,	'game',	NULL,	NULL,	'{\"label\":\"Minecraft\",\"topicId\":\"27471\"}',	'{\"maxLive\":1,\"itemSortType\":\"desc\",\"maxContainers\":1}',	0,	'55fUz8TCuc.png',	'4t7x3tPX55.jpg',	'art',	'external',	NULL,	NULL,	1,	NULL,	'00:00:00',	'00:00:00',	'2024-07-07 23:23:52',	0,	0),
(282,	7,	NULL,	'Counter-Strike: Global Offensive',	0,	'game',	NULL,	NULL,	'{\"label\":\"Counter-Strike: Global Offensive\",\"topicId\":\"32399\"}',	'{\"maxLive\":1,\"itemSortType\":\"desc\",\"maxContainers\":1}',	0,	'e18ipCuS1w.png',	'gDVHP-N8DK.png',	'art',	'external',	NULL,	NULL,	1,	NULL,	'00:00:00',	'00:00:00',	'2024-07-07 23:23:52',	0,	0),
(283,	7,	NULL,	'Just Chatting',	0,	'game',	NULL,	NULL,	'{\"topicId\":\"509658\",\"label\":\"Just Chatting\"}',	'{\"itemSortType\":\"desc\",\"maxContainers\":1,\"maxLive\":1}',	0,	'r7K9UUSASE.jpg',	'52jCkyg5by.jpg',	'art',	'external',	NULL,	NULL,	1,	NULL,	'00:00:00',	'00:00:00',	'2024-07-07 23:23:52',	0,	0),
(284,	4,	NULL,	'LCS',	0,	'streamer',	NULL,	NULL,	'{\"label\":\"LCS\",\"topicId\":\"124420521\"}',	'{\"maxLive\":1,\"itemSortType\":\"asc\",\"maxContainers\":1}',	0,	NULL,	'm4Yi4IVWI3.jpg',	'none',	'external',	NULL,	NULL,	1,	NULL,	'00:00:00',	'00:00:00',	'2024-07-07 23:23:54',	0,	0),
(285,	4,	NULL,	'LCK',	0,	'streamer',	NULL,	NULL,	'{\"label\":\"LCK\",\"topicId\":\"124425501\"}',	'{\"maxLive\":1,\"itemSortType\":\"desc\",\"maxContainers\":1}',	0,	NULL,	'3WD9-Q3RNT.jpg',	'none',	'external',	NULL,	NULL,	1,	NULL,	'00:00:00',	'00:00:00',	'2024-07-07 23:23:54',	0,	0),
(286,	4,	NULL,	'Call of Duty',	0,	'streamer',	NULL,	NULL,	'{\"label\":\"Call of Duty\",\"topicId\":\"501281\"}',	'{\"maxLive\":1,\"itemSortType\":\"desc\",\"maxContainers\":1}',	0,	NULL,	'AwKJNeKwIP.jpg',	'none',	'external',	NULL,	NULL,	1,	NULL,	'00:00:00',	'00:00:00',	'2024-07-07 23:23:54',	0,	0),
(287,	4,	NULL,	'Rainbow6',	0,	'streamer',	NULL,	NULL,	'{\"label\":\"Rainbow6\",\"topicId\":\"65171890\"}',	'{\"maxLive\":1,\"itemSortType\":\"desc\",\"maxContainers\":1}',	0,	NULL,	'27cjkVPd_q.jpg',	'none',	'external',	NULL,	NULL,	1,	NULL,	'00:00:00',	'00:00:00',	'2024-07-07 23:23:54',	0,	0),
(288,	3,	NULL,	'Elden Ring',	0,	'twitch_video',	'https://www.twitch.tv/videos/2178196815',	NULL,	'{\"label\":null,\"topicId\":null}',	'{\"maxLive\":1,\"itemSortType\":\"desc\",\"maxContainers\":1}',	0,	NULL,	'9OYJyw16fF.png',	'overlay',	'gamersx',	NULL,	NULL,	1,	'America/Los_Angeles',	'07:31:25',	'07:31:25',	'2023-08-02 07:31:25',	0,	0),
(289,	4,	NULL,	'playapex',	0,	'streamer',	NULL,	NULL,	'{\"label\":\"playapex\",\"topicId\":\"412132764\"}',	'{\"maxLive\":1,\"itemSortType\":\"desc\",\"maxContainers\":1}',	0,	NULL,	'wWFvn4Ol3M.jpg',	'none',	'external',	NULL,	NULL,	1,	NULL,	'00:00:00',	'00:00:00',	'2024-07-07 23:23:54',	0,	0),
(290,	4,	NULL,	'VALORANT',	0,	'streamer',	NULL,	NULL,	'{\"label\":\"VALORANT\",\"topicId\":\"490592527\"}',	'{\"itemSortType\":\"asc\"}',	0,	NULL,	'fxgIZulD5a.jpg',	'none',	'gamersx',	NULL,	NULL,	1,	NULL,	'00:00:00',	'00:00:00',	'2024-07-07 23:23:54',	0,	0),
(291,	4,	NULL,	'Riot Games',	0,	'streamer',	NULL,	NULL,	'{\"topicId\":\"36029255\",\"label\":\"Riot Games\"}',	'{\"itemSortType\":\"desc\",\"maxContainers\":1,\"maxLive\":1}',	0,	NULL,	'yidhc8K7NI.jpeg',	'none',	'external',	NULL,	NULL,	1,	NULL,	'00:00:00',	'00:00:00',	'2024-07-07 23:23:54',	0,	0),
(292,	4,	NULL,	'LPL',	0,	'streamer',	NULL,	NULL,	'{\"label\":\"LPL\",\"topicId\":\"124425627\"}',	'{\"maxLive\":1,\"itemSortType\":\"desc\",\"maxContainers\":1}',	0,	NULL,	'js1fDzedgt.jpg',	'none',	'external',	NULL,	NULL,	1,	NULL,	'00:00:00',	'00:00:00',	'2024-07-07 23:23:54',	0,	0),
(293,	4,	NULL,	'LVPes',	0,	'streamer',	NULL,	NULL,	'{\"label\":\"LVPes\",\"topicId\":\"22346597\"}',	'{\"maxLive\":1,\"itemSortType\":\"desc\",\"maxContainers\":1}',	0,	NULL,	'zCMnwJpIJ6.png',	'none',	'external',	NULL,	NULL,	1,	NULL,	'00:00:00',	'00:00:00',	'2024-07-07 23:23:54',	0,	0),
(294,	4,	NULL,	'Brawlhalla',	0,	'streamer',	NULL,	NULL,	'{\"label\":\"Brawlhalla\",\"topicId\":\"75346877\"}',	'{\"maxLive\":1,\"itemSortType\":\"desc\",\"maxContainers\":1}',	0,	NULL,	'pKOPIHwizV.jpg',	'none',	'external',	NULL,	NULL,	1,	NULL,	'00:00:00',	'00:00:00',	'2024-07-07 23:23:54',	0,	0),
(295,	4,	NULL,	'Rainbow6Bravo',	0,	'streamer',	NULL,	NULL,	'{\"label\":\"Rainbow6Bravo\",\"topicId\":\"246244003\"}',	'{\"maxLive\":1,\"itemSortType\":\"desc\",\"maxContainers\":1}',	0,	NULL,	'Ro3Jwl4_BV.jpg',	'none',	'external',	NULL,	NULL,	1,	NULL,	'00:00:00',	'00:00:00',	'2024-07-07 23:23:54',	0,	0),
(296,	5,	NULL,	'RocketLeague',	0,	'streamer',	NULL,	NULL,	'{\"label\":\"RocketLeague\",\"topicId\":\"57781936\"}',	'{\"maxLive\":1,\"itemSortType\":\"desc\",\"maxContainers\":1}',	0,	NULL,	'fb9R4FavX9.jpg',	'none',	'external',	NULL,	NULL,	1,	NULL,	'00:00:00',	'00:00:00',	'2024-07-07 23:23:55',	0,	0),
(297,	5,	NULL,	'BLASTPremier',	0,	'streamer',	NULL,	NULL,	'{\"label\":\"BLASTPremier\",\"topicId\":\"163299585\"}',	'{\"itemSortType\":\"desc\"}',	0,	NULL,	'KXxqXod8Gf.png',	'none',	'external',	NULL,	NULL,	1,	NULL,	'00:00:00',	'00:00:00',	'2024-07-07 23:23:55',	0,	0),
(298,	5,	NULL,	'VALORANT_BR',	0,	'streamer',	NULL,	NULL,	'{\"label\":\"VALORANT_BR\",\"topicId\":\"502014446\"}',	'{\"itemSortType\":\"asc\"}',	0,	NULL,	'2_CkQy7xAK.png',	'none',	'external',	NULL,	NULL,	1,	NULL,	'00:00:00',	'00:00:00',	'2024-07-07 23:23:55',	0,	0),
(299,	5,	NULL,	'LEC',	0,	'streamer',	NULL,	NULL,	'{\"topicId\":\"124422593\",\"label\":\"LEC\"}',	'{\"itemSortType\":\"asc\"}',	0,	NULL,	'h1DJEtNQY_.png',	'none',	'external',	NULL,	NULL,	1,	NULL,	'00:00:00',	'00:00:00',	'2024-07-07 23:23:55',	0,	0),
(300,	5,	NULL,	'God of War Ragnark',	0,	'game',	NULL,	NULL,	'{\"label\":\"God of War Ragnar\\u00f6k\",\"topicId\":\"102007682\"}',	'{\"maxLive\":1,\"itemSortType\":\"desc\",\"maxContainers\":1}',	0,	NULL,	'_3y6yMoyVY.jpg',	'art',	'external',	NULL,	NULL,	1,	NULL,	'00:00:00',	'00:00:00',	'2024-07-07 23:23:55',	0,	0),
(301,	5,	NULL,	'PlateUp!',	0,	'game',	NULL,	NULL,	'{\"label\":\"PlateUp!\",\"topicId\":\"1115711128\"}',	'{\"maxLive\":1,\"itemSortType\":\"desc\",\"maxContainers\":1}',	0,	NULL,	'omaeJAuQKz.jpg',	'none',	'external',	NULL,	NULL,	1,	NULL,	'00:00:00',	'00:00:00',	'2024-07-07 23:23:55',	0,	0),
(302,	5,	NULL,	'Lost Ark',	0,	'game',	NULL,	NULL,	'{\"label\":\"Lost Ark\",\"topicId\":\"490100\"}',	'{\"maxLive\":1,\"itemSortType\":\"desc\",\"maxContainers\":1}',	0,	NULL,	'ANaLX9RPar.jpg',	'overlay',	'external',	NULL,	NULL,	1,	NULL,	'00:00:00',	'00:00:00',	'2024-07-07 23:23:55',	0,	0),
(303,	5,	NULL,	'Elden Ring',	0,	'game',	NULL,	NULL,	'{\"label\":\"Elden Ring\",\"topicId\":\"512953\"}',	'{\"maxLive\":1,\"itemSortType\":\"desc\",\"maxContainers\":1}',	0,	NULL,	'za1lfTvOeL.jpg',	'art',	'gamersx',	NULL,	NULL,	1,	NULL,	'00:00:00',	'00:00:00',	'2024-07-07 23:23:55',	0,	0),
(304,	5,	NULL,	'Roblox',	0,	'game',	NULL,	NULL,	'{\"label\":\"Roblox\",\"topicId\":\"23020\"}',	'{\"maxLive\":1,\"itemSortType\":\"desc\",\"maxContainers\":1}',	0,	NULL,	'B_o9BUDj1d.jpg',	'art',	'external',	NULL,	NULL,	1,	NULL,	'00:00:00',	'00:00:00',	'2024-07-07 23:23:55',	0,	0),
(305,	5,	NULL,	'VALORANT',	0,	'game',	NULL,	NULL,	'{\"label\":\"VALORANT\",\"topicId\":\"516575\"}',	'{\"maxLive\":1,\"itemSortType\":\"desc\",\"maxContainers\":1}',	0,	NULL,	'4gMQfGRvwX.jpg',	'overlay',	'external',	NULL,	NULL,	1,	NULL,	'00:00:00',	'00:00:00',	'2024-07-07 23:23:55',	0,	0),
(306,	5,	NULL,	'Genshin Impact',	0,	'game',	NULL,	NULL,	'{\"label\":\"Genshin Impact\",\"topicId\":\"513181\"}',	'{\"maxLive\":1,\"itemSortType\":\"desc\",\"maxContainers\":1}',	0,	NULL,	'Zt8Y2Shgx9.jpg',	'art',	'external',	NULL,	NULL,	1,	NULL,	'00:00:00',	'00:00:00',	'2024-07-07 23:23:55',	0,	0),
(307,	5,	NULL,	'zed_run',	0,	'streamer',	NULL,	NULL,	'{\"label\":\"zed_run\",\"topicId\":\"443735657\"}',	'{\"maxLive\":1,\"itemSortType\":\"desc\",\"maxContainers\":1}',	0,	NULL,	'0wesJtVWgO.jpg',	'overlay',	'external',	NULL,	NULL,	1,	NULL,	'00:00:00',	'00:00:00',	'2024-07-07 23:23:55',	0,	0),
(308,	6,	NULL,	NULL,	-100,	'twitch_video',	'https://www.twitch.tv/videos/2187877228',	NULL,	'{\"label\":null,\"topicId\":null}',	'{\"maxLive\":1.0,\"itemSortType\":\"asc\",\"maxContainers\":1.0}',	0,	'Zh08a7Vp-s.jpg',	'qPqr8dGV-A.jpg',	'overlay',	'external',	NULL,	NULL,	1,	'Asia/Kolkata',	'01:00:00',	'23:00:00',	'2024-07-07 23:24:02',	0,	0),
(309,	3,	NULL,	'TimTheTatman',	-51,	'channel',	NULL,	NULL,	'{\"label\":\"TimTheTatman\",\"topicId\":\"UCXBE_QQSZueB8082ml5fslg\"}',	'{\"maxLive\":1,\"itemSortType\":\"desc\",\"maxContainers\":1}',	0,	'acRrEoG8Na.jpg',	'BasDqQqe_c.jpg',	'none',	'external',	NULL,	NULL,	1,	NULL,	'00:00:00',	'00:00:00',	'2023-06-29 01:00:45',	0,	0),
(310,	3,	NULL,	'VALORANT',	-50,	'game',	NULL,	NULL,	'{\"label\":\"VALORANT\",\"topicId\":\"516575\"}',	'{\"maxLive\":1,\"itemSortType\":\"desc\",\"maxContainers\":1}',	0,	'DzLeDBGTX-.jpg',	'o_LQCfyRkj.jpg',	'none',	'external',	NULL,	NULL,	1,	NULL,	'00:00:00',	'00:00:00',	'2023-06-29 01:00:46',	0,	0),
(311,	6,	NULL,	'TimTheTatman',	-50,	'channel',	NULL,	NULL,	'{\"label\":\"TimTheTatman\",\"topicId\":\"UCXBE_QQSZueB8082ml5fslg\"}',	'{\"maxLive\":1,\"itemSortType\":\"asc\",\"maxContainers\":1}',	0,	NULL,	'jwTFGavfbQ.jpg',	'overlay',	'gamersx',	NULL,	NULL,	1,	NULL,	'00:00:00',	'00:00:00',	'2024-07-07 23:24:02',	0,	0),
(312,	6,	NULL,	'cloakzy',	-25,	'streamer',	NULL,	NULL,	'{\"label\":\"cloakzy\",\"topicId\":\"81687332\"}',	'{\"maxLive\":1,\"itemSortType\":\"desc\",\"maxContainers\":1}',	0,	NULL,	'7De-KdMrOr.jpg',	'none',	'external',	NULL,	NULL,	1,	NULL,	'00:00:00',	'00:00:00',	'2024-07-07 23:24:02',	0,	0),
(313,	3,	NULL,	'LEC',	-10,	'streamer',	NULL,	NULL,	'{\"label\":\"LEC\",\"topicId\":\"124422593\"}',	'{\"maxLive\":1,\"itemSortType\":\"desc\",\"maxContainers\":1}',	0,	'mae4FcO9SH.png',	'wYKG8UMbGt.png',	'none',	'external',	NULL,	NULL,	1,	NULL,	'00:00:00',	'00:00:00',	'2023-06-29 01:00:51',	0,	0),
(314,	6,	NULL,	'DrDisRespect',	0,	'channel',	NULL,	NULL,	'{\"label\":\"DrDisRespect\",\"topicId\":\"UCcJL2ld6kxy_nuV1u7PVQ0g\"}',	'{\"maxLive\":1,\"itemSortType\":\"desc\",\"maxContainers\":1}',	0,	NULL,	'6GREWbGqlT.png',	'overlay',	'external',	NULL,	NULL,	1,	NULL,	'00:00:00',	'00:00:00',	'2024-07-07 23:24:02',	0,	0),
(315,	3,	NULL,	'DrDisRespect',	0,	'channel',	NULL,	NULL,	'{\"topicId\":\"UCcJL2ld6kxy_nuV1u7PVQ0g\",\"label\":\"DrDisRespect\"}',	'{\"itemSortType\":\"asc\"}',	0,	'80tDrapmBQ.jpg_large',	'vaPMDXPWB-.jpg',	'overlay',	'external',	NULL,	NULL,	1,	NULL,	'00:00:00',	'00:00:00',	'2023-06-29 01:01:02',	0,	0),
(316,	2,	NULL,	NULL,	1,	'twitch_video',	'https://www.twitch.tv/videos/2188392403',	NULL,	'{\"label\":null,\"topicId\":null}',	'{\"maxLive\":1.0,\"itemSortType\":\"desc\",\"maxContainers\":1.0}',	0,	'gBsiyo9gLd.jpg',	'Z9_7E52FoB.jpg',	'overlay',	'external',	NULL,	NULL,	1,	'Asia/Kolkata',	'01:01:00',	'23:00:00',	'2024-07-07 23:23:49',	0,	1),
(317,	2,	NULL,	'TenZ',	2,	'streamer',	NULL,	NULL,	'{\"label\":\"TenZ\",\"topicId\":\"70225218\"}',	'{\"maxLive\":1,\"itemSortType\":\"desc\",\"maxContainers\":1}',	0,	NULL,	'DuF84UNB6C.jpg',	'overlay',	'external',	NULL,	NULL,	1,	NULL,	'00:00:00',	'00:00:00',	'2024-07-07 23:23:49',	0,	0),
(318,	2,	NULL,	'loltyler1',	3,	'streamer',	NULL,	NULL,	'{\"label\":\"loltyler1\",\"topicId\":\"51496027\"}',	'{\"maxLive\":1,\"itemSortType\":\"asc\",\"maxContainers\":1}',	0,	NULL,	'rT-IC9vSZb.jpg',	'overlay',	'external',	NULL,	NULL,	1,	NULL,	'00:00:00',	'00:00:00',	'2024-07-07 23:23:49',	0,	0),
(319,	2,	NULL,	'freefireru',	4,	'streamer',	NULL,	NULL,	'{\"label\":\"freefireru\",\"topicId\":\"203664088\"}',	'{\"maxLive\":1,\"itemSortType\":\"desc\",\"maxContainers\":1}',	0,	NULL,	'wfBFogCFM-.jpg',	'overlay',	'external',	NULL,	NULL,	1,	NULL,	'00:00:00',	'00:00:00',	'2024-07-07 23:23:49',	0,	0),
(320,	2,	NULL,	'TSM_ImperialHal',	5,	'streamer',	NULL,	NULL,	'{\"label\":\"TSM_ImperialHal\",\"topicId\":\"146922206\"}',	'{\"maxLive\":1,\"itemSortType\":\"asc\",\"maxContainers\":1}',	0,	NULL,	'OkaP6cCya-.jpg',	'overlay',	'gamersx',	NULL,	NULL,	1,	NULL,	'00:00:00',	'00:00:00',	'2024-07-07 23:23:49',	0,	0),
(321,	2,	NULL,	'fuslie',	6,	'streamer',	NULL,	NULL,	'{\"label\":\"fuslie\",\"topicId\":\"83402203\"}',	'{\"maxLive\":1,\"itemSortType\":\"desc\",\"maxContainers\":1}',	0,	NULL,	'D9EIrljHWl.jpg',	'overlay',	'external',	NULL,	NULL,	1,	NULL,	'00:00:00',	'00:00:00',	'2024-07-07 23:23:49',	0,	0),
(322,	2,	NULL,	'DrLupo',	7,	'channel',	NULL,	NULL,	'{\"label\":\"DrLupo\",\"topicId\":\"UCNF0LEQ2abMr0PAX3cfkAMg\"}',	'{\"maxLive\":1,\"itemSortType\":\"desc\",\"maxContainers\":1}',	0,	NULL,	'Y2bhvTIqgv.jpg',	'overlay',	'external',	NULL,	NULL,	1,	NULL,	'00:00:00',	'00:00:00',	'2024-07-07 23:23:49',	0,	0),
(323,	2,	NULL,	'Closer',	8,	'streamer',	NULL,	NULL,	'{\"label\":\"Closer\",\"topicId\":\"160677372\"}',	'{\"maxLive\":1,\"itemSortType\":\"desc\",\"maxContainers\":1}',	0,	NULL,	'TkdumWbwWn.jpg',	'overlay',	'external',	NULL,	NULL,	1,	NULL,	'00:00:00',	'00:00:00',	'2024-07-07 23:23:49',	0,	0),
(324,	2,	NULL,	'moistcr1tikal',	9,	'streamer',	NULL,	NULL,	'{\"label\":\"moistcr1tikal\",\"topicId\":\"132230344\"}',	'{\"maxLive\":1,\"itemSortType\":\"desc\",\"maxContainers\":1}',	0,	NULL,	'DmLWB_PxiZ.jpg',	'overlay',	'external',	NULL,	NULL,	1,	NULL,	'00:00:00',	'00:00:00',	'2024-07-07 23:23:49',	0,	0),
(325,	2,	NULL,	'PUBG_BATTLEGROUNDS',	10,	'streamer',	NULL,	NULL,	'{\"label\":\"PUBG_BATTLEGROUNDS\",\"topicId\":\"127506955\"}',	'{\"maxLive\":1,\"itemSortType\":\"asc\",\"maxContainers\":1}',	0,	'_ZqGs3UW3n.jpg',	'eRHobLGgV2.jpg',	'none',	'external',	NULL,	NULL,	1,	NULL,	'00:00:00',	'00:00:00',	'2024-07-07 23:23:49',	0,	0),
(326,	2,	NULL,	'cloakzy',	10,	'streamer',	NULL,	NULL,	'{\"label\":\"cloakzy\",\"topicId\":\"81687332\"}',	'{\"maxLive\":1,\"itemSortType\":\"desc\",\"maxContainers\":1}',	0,	NULL,	'V3hjsqK41r.jpg',	'overlay',	'external',	NULL,	NULL,	1,	NULL,	'00:00:00',	'00:00:00',	'2024-07-07 23:23:49',	0,	0),
(327,	2,	NULL,	'Call of Duty: Modern Warfare II',	10,	'game',	NULL,	NULL,	'{\"topicId\":\"1678052513\",\"label\":\"Call of Duty: Modern Warfare II\"}',	'{\"itemSortType\":\"desc\",\"maxContainers\":1,\"maxLive\":1}',	0,	'40ESdbJDkS.jpeg',	'iCoxvrR-9r.jpg',	'art',	'external',	NULL,	NULL,	1,	NULL,	'00:00:00',	'00:00:00',	'2024-07-07 23:23:49',	0,	0),
(328,	8,	NULL,	NULL,	11,	'twitch_video',	'https://www.twitch.tv/videos/2184530806',	NULL,	'{\"topicId\":null,\"label\":null}',	'{\"itemSortType\":\"asc\"}',	0,	'FgbR3Qy1OP.png',	'USseyrudRy.jpg',	'overlay',	'gamersx',	NULL,	NULL,	1,	'Asia/Kolkata',	'01:00:00',	'23:00:00',	'2024-07-07 23:24:00',	0,	0),
(329,	8,	NULL,	'pokimane',	12,	'streamer',	NULL,	NULL,	'{\"topicId\":\"44445592\",\"label\":\"pokimane\"}',	'{\"itemSortType\":\"asc\",\"maxContainers\":1,\"maxLive\":1}',	0,	NULL,	'xeZOeplmuP.jpg',	'overlay',	'external',	NULL,	NULL,	1,	NULL,	'00:00:00',	'00:00:00',	'2024-07-07 23:24:00',	0,	0),
(330,	8,	NULL,	'Rainbow6',	20,	'streamer',	NULL,	NULL,	'{\"label\":\"Rainbow6\",\"topicId\":\"65171890\"}',	'{\"maxLive\":1,\"itemSortType\":\"desc\",\"maxContainers\":1}',	0,	'HJ2zXUB8uf.jpg',	'XtpdlDF10-.jpg',	'none',	'external',	NULL,	NULL,	1,	NULL,	'00:00:00',	'00:00:00',	'2024-07-07 23:24:00',	0,	0),
(331,	8,	NULL,	'Apex Legends',	20,	'game',	NULL,	NULL,	'{\"label\":\"Apex Legends\",\"topicId\":\"511224\"}',	'{\"maxLive\":1,\"itemSortType\":\"desc\",\"maxContainers\":1}',	0,	'9lyQHmXpyJ.jpeg',	'GPITlo5l_A.jpg',	'art',	'external',	NULL,	NULL,	1,	NULL,	'00:00:00',	'00:00:00',	'2024-07-07 23:24:00',	0,	0),
(332,	8,	NULL,	'Swagg',	25,	'streamer',	NULL,	NULL,	'{\"label\":\"Swagg\",\"topicId\":\"39724467\"}',	'{\"maxLive\":1,\"itemSortType\":\"asc\",\"maxContainers\":1}',	0,	NULL,	'Ac32k2l3Gl.jpg',	'overlay',	'external',	NULL,	NULL,	1,	NULL,	'00:00:00',	'00:00:00',	'2024-07-07 23:24:00',	0,	0),
(333,	1,	NULL,	'League of Legends',	30,	'game',	NULL,	NULL,	'{\"label\":\"League of Legends\",\"topicId\":\"21779\"}',	'{\"maxLive\":1,\"itemSortType\":\"desc\",\"maxContainers\":1}',	0,	'SddlVAtqPc.jpeg',	'Nt3sVahLcQ.jpg',	'art',	'external',	NULL,	NULL,	1,	NULL,	'00:00:00',	'23:59:59',	'2024-07-07 23:23:47',	0,	0),
(334,	8,	NULL,	'TSM_ImperialHal',	50,	'streamer',	NULL,	NULL,	'{\"label\":\"TSM_ImperialHal\",\"topicId\":\"146922206\"}',	'{\"maxLive\":1,\"itemSortType\":\"desc\",\"maxContainers\":1}',	0,	NULL,	'NgML2gmkuf.jpg',	'overlay',	'external',	NULL,	NULL,	1,	NULL,	'00:00:00',	'00:00:00',	'2024-07-07 23:24:00',	0,	0),
(335,	8,	NULL,	'Call of Duty: Warzone',	70,	'game',	NULL,	NULL,	'{\"topicId\":\"512710\",\"label\":\"Call of Duty: Warzone\"}',	'{\"itemSortType\":\"desc\",\"maxContainers\":1,\"maxLive\":1}',	0,	NULL,	'Bps_m1teXf.jpg',	'none',	'external',	NULL,	NULL,	1,	NULL,	'00:00:00',	'00:00:00',	'2024-07-07 23:24:00',	0,	0),
(336,	3,	NULL,	'Overwatch 2',	75,	'game',	NULL,	NULL,	'{\"topicId\":\"515025\",\"label\":\"Overwatch 2\"}',	'{\"itemSortType\":\"desc\",\"maxContainers\":1,\"maxLive\":1}',	0,	'3sbu-_5uaW.jpg',	'ck9IiH7Pau.jpg',	'art',	'external',	NULL,	NULL,	1,	NULL,	'00:00:00',	'00:00:00',	'2023-06-29 01:02:30',	0,	0),
(337,	6,	NULL,	'Rated',	100,	'streamer',	NULL,	NULL,	'{\"label\":\"Rated\",\"topicId\":\"87831939\"}',	'{\"maxLive\":1,\"itemSortType\":\"desc\",\"maxContainers\":1}',	0,	NULL,	'DMRI6BOkMK.jpg',	'overlay',	'external',	NULL,	NULL,	1,	NULL,	'00:00:00',	'00:00:00',	'2024-07-07 23:24:02',	0,	0),
(338,	6,	NULL,	'Call of Duty: Warzone',	125,	'game',	NULL,	NULL,	'{\"label\":\"Call of Duty: Warzone\",\"topicId\":\"512710\"}',	'{\"maxLive\":1,\"itemSortType\":\"desc\",\"maxContainers\":1}',	0,	NULL,	'1uZI457g5s.jpg',	'overlay',	'external',	NULL,	NULL,	1,	NULL,	'00:00:00',	'00:00:00',	'2024-07-07 23:24:02',	0,	0),
(339,	6,	NULL,	'VALORANT',	150,	'game',	NULL,	NULL,	'{\"label\":\"VALORANT\",\"topicId\":\"516575\"}',	'{\"maxLive\":1,\"itemSortType\":\"desc\",\"maxContainers\":1}',	0,	NULL,	'Ih8FhduCmX.jpg',	'art',	'external',	NULL,	NULL,	1,	NULL,	'00:00:00',	'00:00:00',	'2024-07-07 23:24:02',	0,	0),
(340,	NULL,	NULL,	'Call of Duty',	0,	'streamer',	NULL,	NULL,	'{\"topicId\":\"501281\",\"label\":\"Call of Duty\"}',	'{\"itemSortType\":\"desc\",\"maxContainers\":1,\"maxLive\":1}',	0,	'KVqPNIChtp.jpg',	'H8n0e4Rla2.png',	'none',	'external',	NULL,	NULL,	1,	NULL,	'00:00:00',	'00:00:00',	'2023-06-29 01:02:50',	0,	0),
(341,	NULL,	NULL,	'VALORANT',	0,	'game',	NULL,	NULL,	'{\"label\":\"VALORANT\",\"topicId\":\"516575\"}',	'{\"maxLive\":1,\"itemSortType\":\"desc\",\"maxContainers\":1}',	0,	'_3naOq4Bqh.png',	'3L5deQqIKl.png',	'art',	'external',	NULL,	NULL,	1,	NULL,	'00:00:00',	'00:00:00',	'2023-06-29 01:02:52',	0,	0),
(342,	NULL,	NULL,	'League of Legends',	0,	'game',	NULL,	NULL,	'{\"label\":\"League of Legends\",\"topicId\":\"21779\"}',	'{\"maxLive\":1,\"itemSortType\":\"asc\",\"maxContainers\":1}',	0,	'2bSqXIcy2T.jpg',	'Fh7kUJ6ZrI.jpg',	'art',	'external',	NULL,	NULL,	1,	NULL,	'00:00:00',	'00:00:00',	'2023-06-29 01:02:57',	0,	0),
(343,	NULL,	NULL,	'Minecraft',	0,	'game',	NULL,	NULL,	'{\"label\":\"Minecraft\",\"topicId\":\"27471\"}',	'{\"maxLive\":1,\"itemSortType\":\"desc\",\"maxContainers\":1}',	0,	'-QCh6DCd3h.png',	'zy1FIfhFqO.jpg',	'art',	'external',	NULL,	NULL,	1,	NULL,	'00:00:00',	'00:00:00',	'2023-06-29 01:02:59',	0,	0),
(344,	NULL,	NULL,	'Counter-Strike: Global Offensive',	0,	'game',	NULL,	NULL,	'{\"label\":\"Counter-Strike: Global Offensive\",\"topicId\":\"32399\"}',	'{\"maxLive\":1,\"itemSortType\":\"desc\",\"maxContainers\":1}',	0,	'qyTDPvx1H2.png',	'JbKmebZxfd.png',	'art',	'external',	NULL,	NULL,	1,	NULL,	'00:00:00',	'00:00:00',	'2023-06-29 01:03:00',	0,	0),
(345,	NULL,	NULL,	'Just Chatting',	0,	'game',	NULL,	NULL,	'{\"topicId\":\"509658\",\"label\":\"Just Chatting\"}',	'{\"itemSortType\":\"desc\",\"maxContainers\":1,\"maxLive\":1}',	0,	'U-8nYnPiZu.jpg',	'KjgPas0wke.jpg',	'art',	'external',	NULL,	NULL,	1,	NULL,	'00:00:00',	'00:00:00',	'2023-06-29 01:03:01',	0,	0),
(346,	NULL,	NULL,	'LCS',	0,	'streamer',	NULL,	NULL,	'{\"label\":\"LCS\",\"topicId\":\"124420521\"}',	'{\"maxLive\":1,\"itemSortType\":\"asc\",\"maxContainers\":1}',	0,	NULL,	'kExYiavdD6.jpg',	'none',	'external',	NULL,	NULL,	1,	NULL,	'00:00:00',	'00:00:00',	'2023-06-29 01:03:02',	0,	0),
(347,	NULL,	NULL,	'LCK',	0,	'streamer',	NULL,	NULL,	'{\"label\":\"LCK\",\"topicId\":\"124425501\"}',	'{\"maxLive\":1,\"itemSortType\":\"desc\",\"maxContainers\":1}',	0,	NULL,	'ePD3I4fjmh.jpg',	'none',	'external',	NULL,	NULL,	1,	NULL,	'00:00:00',	'00:00:00',	'2023-06-29 01:03:03',	0,	0),
(348,	NULL,	NULL,	'Call of Duty',	0,	'streamer',	NULL,	NULL,	'{\"label\":\"Call of Duty\",\"topicId\":\"501281\"}',	'{\"maxLive\":1,\"itemSortType\":\"desc\",\"maxContainers\":1}',	0,	NULL,	'gtH-KdpCu4.jpg',	'none',	'external',	NULL,	NULL,	1,	NULL,	'00:00:00',	'00:00:00',	'2023-06-29 01:03:05',	0,	0),
(349,	NULL,	NULL,	'Rainbow6',	0,	'streamer',	NULL,	NULL,	'{\"label\":\"Rainbow6\",\"topicId\":\"65171890\"}',	'{\"maxLive\":1,\"itemSortType\":\"desc\",\"maxContainers\":1}',	0,	NULL,	'6Nc7rjdIU0.jpg',	'none',	'external',	NULL,	NULL,	1,	NULL,	'00:00:00',	'00:00:00',	'2023-06-29 01:03:07',	0,	0),
(350,	NULL,	NULL,	'ESL_CSGO',	0,	'streamer',	NULL,	NULL,	'{\"label\":\"ESL_CSGO\",\"topicId\":\"31239503\"}',	'{\"maxLive\":1,\"itemSortType\":\"desc\",\"maxContainers\":1}',	0,	NULL,	'34tr5SqE0a.png',	'overlay',	'gamersx',	NULL,	NULL,	1,	NULL,	'00:00:00',	'00:00:00',	'2023-06-29 01:03:09',	0,	0),
(351,	NULL,	NULL,	'playapex',	0,	'streamer',	NULL,	NULL,	'{\"label\":\"playapex\",\"topicId\":\"412132764\"}',	'{\"maxLive\":1,\"itemSortType\":\"desc\",\"maxContainers\":1}',	0,	NULL,	'TKTxEohvMj.jpg',	'none',	'external',	NULL,	NULL,	1,	NULL,	'00:00:00',	'00:00:00',	'2023-06-29 01:03:11',	0,	0),
(352,	NULL,	NULL,	'VALORANT',	0,	'streamer',	NULL,	NULL,	'{\"label\":\"VALORANT\",\"topicId\":\"490592527\"}',	'{\"itemSortType\":\"asc\"}',	0,	NULL,	'1pHyA8xbCj.jpg',	'none',	'gamersx',	NULL,	NULL,	1,	NULL,	'00:00:00',	'00:00:00',	'2023-06-29 01:03:11',	0,	0),
(353,	NULL,	NULL,	'Riot Games',	0,	'streamer',	NULL,	NULL,	'{\"topicId\":\"36029255\",\"label\":\"Riot Games\"}',	'{\"itemSortType\":\"desc\",\"maxContainers\":1,\"maxLive\":1}',	0,	NULL,	'vSc6KdeIP1.jpeg',	'none',	'external',	NULL,	NULL,	1,	NULL,	'00:00:00',	'00:00:00',	'2023-06-29 01:03:13',	0,	0),
(354,	NULL,	NULL,	'LPL',	0,	'streamer',	NULL,	NULL,	'{\"label\":\"LPL\",\"topicId\":\"124425627\"}',	'{\"maxLive\":1,\"itemSortType\":\"desc\",\"maxContainers\":1}',	0,	NULL,	'64n3SiKQER.jpg',	'none',	'external',	NULL,	NULL,	1,	NULL,	'00:00:00',	'00:00:00',	'2023-06-29 01:03:13',	0,	0),
(355,	NULL,	NULL,	'LVPes',	0,	'streamer',	NULL,	NULL,	'{\"label\":\"LVPes\",\"topicId\":\"22346597\"}',	'{\"maxLive\":1,\"itemSortType\":\"desc\",\"maxContainers\":1}',	0,	NULL,	'EQ1N7kTtZI.png',	'none',	'external',	NULL,	NULL,	1,	NULL,	'00:00:00',	'00:00:00',	'2023-06-29 01:03:17',	0,	0),
(356,	NULL,	NULL,	'Brawlhalla',	0,	'streamer',	NULL,	NULL,	'{\"label\":\"Brawlhalla\",\"topicId\":\"75346877\"}',	'{\"maxLive\":1,\"itemSortType\":\"desc\",\"maxContainers\":1}',	0,	NULL,	'bgW09JFGib.jpg',	'none',	'external',	NULL,	NULL,	1,	NULL,	'00:00:00',	'00:00:00',	'2023-06-29 01:03:18',	0,	0),
(357,	NULL,	NULL,	'Rainbow6Bravo',	0,	'streamer',	NULL,	NULL,	'{\"label\":\"Rainbow6Bravo\",\"topicId\":\"246244003\"}',	'{\"maxLive\":1,\"itemSortType\":\"desc\",\"maxContainers\":1}',	0,	NULL,	'dMpsc7LctP.jpg',	'none',	'external',	NULL,	NULL,	1,	NULL,	'00:00:00',	'00:00:00',	'2023-06-29 01:03:21',	0,	0),
(358,	NULL,	NULL,	'RocketLeague',	0,	'streamer',	NULL,	NULL,	'{\"label\":\"RocketLeague\",\"topicId\":\"57781936\"}',	'{\"maxLive\":1,\"itemSortType\":\"desc\",\"maxContainers\":1}',	0,	NULL,	'2rWQX6aUbv.jpg',	'none',	'external',	NULL,	NULL,	1,	NULL,	'00:00:00',	'00:00:00',	'2023-06-29 01:03:23',	0,	0),
(359,	NULL,	NULL,	'BLASTPremier',	0,	'streamer',	NULL,	NULL,	'{\"label\":\"BLASTPremier\",\"topicId\":\"163299585\"}',	'{\"itemSortType\":\"desc\"}',	0,	NULL,	'CTUoQckToI.png',	'none',	'external',	NULL,	NULL,	1,	NULL,	'00:00:00',	'00:00:00',	'2023-06-29 01:03:25',	0,	0),
(360,	NULL,	NULL,	'VALORANT_BR',	0,	'streamer',	NULL,	NULL,	'{\"label\":\"VALORANT_BR\",\"topicId\":\"502014446\"}',	'{\"itemSortType\":\"asc\"}',	0,	NULL,	'0qUOH8bsEE.png',	'none',	'external',	NULL,	NULL,	1,	NULL,	'00:00:00',	'00:00:00',	'2023-06-29 01:03:28',	0,	0),
(361,	NULL,	NULL,	'LEC',	0,	'streamer',	NULL,	NULL,	'{\"topicId\":\"124422593\",\"label\":\"LEC\"}',	'{\"itemSortType\":\"asc\"}',	0,	NULL,	'boYL24LJNK.png',	'none',	'external',	NULL,	NULL,	1,	NULL,	'00:00:00',	'00:00:00',	'2023-06-29 01:03:32',	0,	0),
(362,	NULL,	NULL,	'God of War Ragnark',	0,	'game',	NULL,	NULL,	'{\"label\":\"God of War Ragnar\\u00f6k\",\"topicId\":\"102007682\"}',	'{\"maxLive\":1,\"itemSortType\":\"desc\",\"maxContainers\":1}',	0,	NULL,	'Ibd28GBWxs.jpg',	'art',	'external',	NULL,	NULL,	1,	NULL,	'00:00:00',	'00:00:00',	'2023-06-29 01:03:32',	0,	0),
(363,	NULL,	NULL,	'PlateUp!',	0,	'game',	NULL,	NULL,	'{\"label\":\"PlateUp!\",\"topicId\":\"1115711128\"}',	'{\"maxLive\":1,\"itemSortType\":\"desc\",\"maxContainers\":1}',	0,	NULL,	'UFaURM4T6Z.jpg',	'none',	'external',	NULL,	NULL,	1,	NULL,	'00:00:00',	'00:00:00',	'2023-06-29 01:03:33',	0,	0),
(364,	NULL,	NULL,	'Lost Ark',	0,	'game',	NULL,	NULL,	'{\"label\":\"Lost Ark\",\"topicId\":\"490100\"}',	'{\"maxLive\":1,\"itemSortType\":\"desc\",\"maxContainers\":1}',	0,	NULL,	'-tEeE0rYmm.jpg',	'overlay',	'external',	NULL,	NULL,	1,	NULL,	'00:00:00',	'00:00:00',	'2023-06-29 01:03:35',	0,	0),
(365,	NULL,	NULL,	'Elden Ring',	0,	'game',	NULL,	NULL,	'{\"label\":\"Elden Ring\",\"topicId\":\"512953\"}',	'{\"maxLive\":1,\"itemSortType\":\"desc\",\"maxContainers\":1}',	0,	NULL,	'OiuDM_6ZDi.jpg',	'art',	'gamersx',	NULL,	NULL,	1,	NULL,	'00:00:00',	'00:00:00',	'2023-06-29 01:03:36',	0,	0),
(366,	NULL,	NULL,	'Roblox',	0,	'game',	NULL,	NULL,	'{\"label\":\"Roblox\",\"topicId\":\"23020\"}',	'{\"maxLive\":1,\"itemSortType\":\"desc\",\"maxContainers\":1}',	0,	NULL,	'dYeJMvQp8o.jpg',	'art',	'external',	NULL,	NULL,	1,	NULL,	'00:00:00',	'00:00:00',	'2023-06-29 01:03:37',	0,	0),
(367,	NULL,	NULL,	'VALORANT',	0,	'game',	NULL,	NULL,	'{\"label\":\"VALORANT\",\"topicId\":\"516575\"}',	'{\"maxLive\":1,\"itemSortType\":\"desc\",\"maxContainers\":1}',	0,	NULL,	'U0vunXbCnJ.jpg',	'overlay',	'external',	NULL,	NULL,	1,	NULL,	'00:00:00',	'00:00:00',	'2023-06-29 01:03:37',	0,	0),
(368,	NULL,	NULL,	'Genshin Impact',	0,	'game',	NULL,	NULL,	'{\"label\":\"Genshin Impact\",\"topicId\":\"513181\"}',	'{\"maxLive\":1,\"itemSortType\":\"desc\",\"maxContainers\":1}',	0,	NULL,	'NyR_voEdcB.jpg',	'art',	'external',	NULL,	NULL,	1,	NULL,	'00:00:00',	'00:00:00',	'2023-06-29 01:03:38',	0,	0),
(369,	NULL,	NULL,	'zed_run',	0,	'streamer',	NULL,	NULL,	'{\"label\":\"zed_run\",\"topicId\":\"443735657\"}',	'{\"maxLive\":1,\"itemSortType\":\"desc\",\"maxContainers\":1}',	0,	NULL,	'yxKoMqvXP1.jpg',	'overlay',	'external',	NULL,	NULL,	1,	NULL,	'00:00:00',	'00:00:00',	'2023-06-29 01:03:39',	0,	0),
(370,	NULL,	NULL,	'NICKMERCS',	-100,	'streamer',	NULL,	NULL,	'{\"label\":\"NICKMERCS\",\"topicId\":\"15564828\"}',	'{\"maxLive\":1,\"itemSortType\":\"asc\",\"maxContainers\":1}',	0,	NULL,	'QjSQYyOB02.jpg',	'overlay',	'external',	NULL,	NULL,	1,	NULL,	'00:00:00',	'00:00:00',	'2023-06-29 01:03:40',	0,	0),
(371,	NULL,	NULL,	'TimTheTatman',	-51,	'channel',	NULL,	NULL,	'{\"label\":\"TimTheTatman\",\"topicId\":\"UCXBE_QQSZueB8082ml5fslg\"}',	'{\"maxLive\":1,\"itemSortType\":\"desc\",\"maxContainers\":1}',	0,	'LM80S0iSTs.jpg',	'hxHxi7KxmG.jpg',	'none',	'external',	NULL,	NULL,	1,	NULL,	'00:00:00',	'00:00:00',	'2023-06-29 01:03:41',	0,	0),
(372,	NULL,	NULL,	'VALORANT',	-50,	'game',	NULL,	NULL,	'{\"label\":\"VALORANT\",\"topicId\":\"516575\"}',	'{\"maxLive\":1,\"itemSortType\":\"desc\",\"maxContainers\":1}',	0,	'ic2RZL1YQg.jpg',	'BJ-cjt3WSI.jpg',	'none',	'external',	NULL,	NULL,	1,	NULL,	'00:00:00',	'00:00:00',	'2023-06-29 01:03:43',	0,	0),
(373,	NULL,	NULL,	'TimTheTatman',	-50,	'channel',	NULL,	NULL,	'{\"label\":\"TimTheTatman\",\"topicId\":\"UCXBE_QQSZueB8082ml5fslg\"}',	'{\"maxLive\":1,\"itemSortType\":\"asc\",\"maxContainers\":1}',	0,	NULL,	'cfQYQUU3xN.jpg',	'overlay',	'gamersx',	NULL,	NULL,	1,	NULL,	'00:00:00',	'00:00:00',	'2023-06-29 01:03:43',	0,	0),
(374,	NULL,	NULL,	'cloakzy',	-25,	'streamer',	NULL,	NULL,	'{\"label\":\"cloakzy\",\"topicId\":\"81687332\"}',	'{\"maxLive\":1,\"itemSortType\":\"desc\",\"maxContainers\":1}',	0,	NULL,	'6puxQlpB1-.jpg',	'none',	'external',	NULL,	NULL,	1,	NULL,	'00:00:00',	'00:00:00',	'2023-06-29 01:03:44',	0,	0),
(375,	NULL,	NULL,	'LEC',	-10,	'streamer',	NULL,	NULL,	'{\"label\":\"LEC\",\"topicId\":\"124422593\"}',	'{\"maxLive\":1,\"itemSortType\":\"desc\",\"maxContainers\":1}',	0,	'TlHX6JPoF-.png',	'i_qgufUdPI.png',	'none',	'external',	NULL,	NULL,	1,	NULL,	'00:00:00',	'00:00:00',	'2023-06-29 01:03:48',	0,	0),
(376,	NULL,	NULL,	'DrDisRespect',	0,	'channel',	NULL,	NULL,	'{\"label\":\"DrDisRespect\",\"topicId\":\"UCcJL2ld6kxy_nuV1u7PVQ0g\"}',	'{\"maxLive\":1,\"itemSortType\":\"desc\",\"maxContainers\":1}',	0,	NULL,	'GSY1LLSgtE.png',	'overlay',	'external',	NULL,	NULL,	1,	NULL,	'00:00:00',	'00:00:00',	'2023-06-29 01:03:48',	0,	0),
(377,	NULL,	NULL,	'DrDisRespect',	0,	'channel',	NULL,	NULL,	'{\"topicId\":\"UCcJL2ld6kxy_nuV1u7PVQ0g\",\"label\":\"DrDisRespect\"}',	'{\"itemSortType\":\"asc\"}',	0,	'Zqskj_IVBv.jpg_large',	'Z40OSDqRdL.jpg',	'overlay',	'external',	NULL,	NULL,	1,	NULL,	'00:00:00',	'00:00:00',	'2023-06-29 01:03:58',	0,	0),
(378,	NULL,	NULL,	'tarik',	1,	'streamer',	NULL,	NULL,	'{\"label\":\"tarik\",\"topicId\":\"36340781\"}',	'{\"maxLive\":1,\"itemSortType\":\"desc\",\"maxContainers\":1}',	0,	NULL,	'3U-xwvuINW.jpg',	'overlay',	'external',	NULL,	NULL,	1,	NULL,	'00:00:00',	'00:00:00',	'2023-06-29 01:03:58',	0,	0),
(379,	NULL,	NULL,	'TenZ',	2,	'streamer',	NULL,	NULL,	'{\"label\":\"TenZ\",\"topicId\":\"70225218\"}',	'{\"maxLive\":1,\"itemSortType\":\"desc\",\"maxContainers\":1}',	0,	NULL,	'_-1YWvfgCb.jpg',	'overlay',	'external',	NULL,	NULL,	1,	NULL,	'00:00:00',	'00:00:00',	'2023-06-29 01:03:59',	0,	0),
(380,	NULL,	NULL,	'loltyler1',	3,	'streamer',	NULL,	NULL,	'{\"label\":\"loltyler1\",\"topicId\":\"51496027\"}',	'{\"maxLive\":1,\"itemSortType\":\"asc\",\"maxContainers\":1}',	0,	NULL,	'VV6SvH-h5a.jpg',	'overlay',	'external',	NULL,	NULL,	1,	NULL,	'00:00:00',	'00:00:00',	'2023-06-29 01:04:03',	0,	0),
(381,	NULL,	NULL,	'Valkyrae',	4,	'channel',	NULL,	NULL,	'{\"label\":\"Valkyrae\",\"topicId\":\"UCWxlUwW9BgGISaakjGM37aw\"}',	'{\"maxLive\":1,\"itemSortType\":\"desc\",\"maxContainers\":1}',	0,	NULL,	'HVBll1wjCc.jpg',	'overlay',	'external',	NULL,	NULL,	1,	NULL,	'00:00:00',	'00:00:00',	'2023-06-29 01:04:07',	0,	0),
(382,	NULL,	NULL,	'TSM_ImperialHal',	5,	'streamer',	NULL,	NULL,	'{\"label\":\"TSM_ImperialHal\",\"topicId\":\"146922206\"}',	'{\"maxLive\":1,\"itemSortType\":\"asc\",\"maxContainers\":1}',	0,	NULL,	'bBIbkz_u83.jpg',	'overlay',	'gamersx',	NULL,	NULL,	1,	NULL,	'00:00:00',	'00:00:00',	'2023-06-29 01:04:11',	0,	0),
(383,	NULL,	NULL,	'fuslie',	6,	'streamer',	NULL,	NULL,	'{\"label\":\"fuslie\",\"topicId\":\"83402203\"}',	'{\"maxLive\":1,\"itemSortType\":\"desc\",\"maxContainers\":1}',	0,	NULL,	'fqL1Dh7MQ1.jpg',	'overlay',	'external',	NULL,	NULL,	1,	NULL,	'00:00:00',	'00:00:00',	'2023-06-29 01:04:16',	0,	0),
(384,	NULL,	NULL,	'DrLupo',	7,	'channel',	NULL,	NULL,	'{\"label\":\"DrLupo\",\"topicId\":\"UCNF0LEQ2abMr0PAX3cfkAMg\"}',	'{\"maxLive\":1,\"itemSortType\":\"desc\",\"maxContainers\":1}',	0,	NULL,	'zeWLaIzpwm.jpg',	'overlay',	'external',	NULL,	NULL,	1,	NULL,	'00:00:00',	'00:00:00',	'2023-06-29 01:04:20',	0,	0),
(385,	NULL,	NULL,	'Closer',	8,	'streamer',	NULL,	NULL,	'{\"label\":\"Closer\",\"topicId\":\"160677372\"}',	'{\"maxLive\":1,\"itemSortType\":\"desc\",\"maxContainers\":1}',	0,	NULL,	'TiBr4GF6lW.jpg',	'overlay',	'external',	NULL,	NULL,	1,	NULL,	'00:00:00',	'00:00:00',	'2023-06-29 01:04:24',	0,	0),
(386,	NULL,	NULL,	'moistcr1tikal',	9,	'streamer',	NULL,	NULL,	'{\"label\":\"moistcr1tikal\",\"topicId\":\"132230344\"}',	'{\"maxLive\":1,\"itemSortType\":\"desc\",\"maxContainers\":1}',	0,	NULL,	'6ffEeIO1GL.jpg',	'overlay',	'external',	NULL,	NULL,	1,	NULL,	'00:00:00',	'00:00:00',	'2023-06-29 01:04:24',	0,	0),
(387,	NULL,	NULL,	'NICKMERCS',	10,	'streamer',	NULL,	NULL,	'{\"label\":\"NICKMERCS\",\"topicId\":\"15564828\"}',	'{\"maxLive\":1,\"itemSortType\":\"asc\",\"maxContainers\":1}',	0,	'I1QdhZRjhS.jpg',	'hVjGXCR4Le.jpg',	'none',	'external',	NULL,	NULL,	1,	NULL,	'00:00:00',	'00:00:00',	'2023-06-29 01:04:25',	0,	0),
(388,	NULL,	NULL,	'cloakzy',	10,	'streamer',	NULL,	NULL,	'{\"label\":\"cloakzy\",\"topicId\":\"81687332\"}',	'{\"maxLive\":1,\"itemSortType\":\"desc\",\"maxContainers\":1}',	0,	NULL,	'zUtZBA9WGL.jpg',	'overlay',	'external',	NULL,	NULL,	1,	NULL,	'00:00:00',	'00:00:00',	'2023-06-29 01:04:26',	0,	0),
(389,	NULL,	NULL,	'Call of Duty: Modern Warfare II',	10,	'game',	NULL,	NULL,	'{\"topicId\":\"1678052513\",\"label\":\"Call of Duty: Modern Warfare II\"}',	'{\"itemSortType\":\"desc\",\"maxContainers\":1,\"maxLive\":1}',	0,	'UI6Kh8y0u8.jpeg',	'2rsPW-g76g.jpg',	'art',	'external',	NULL,	NULL,	1,	NULL,	'00:00:00',	'00:00:00',	'2023-06-29 01:04:35',	0,	0),
(390,	NULL,	NULL,	'iiTzTimmy',	11,	'streamer',	NULL,	NULL,	'{\"topicId\":\"45302947\",\"label\":\"iiTzTimmy\"}',	'{\"itemSortType\":\"asc\"}',	0,	NULL,	'p0oi5FIUnH.jpg',	'overlay',	'gamersx',	NULL,	NULL,	1,	NULL,	'00:00:00',	'00:00:00',	'2023-06-29 01:04:36',	0,	0),
(391,	NULL,	NULL,	'pokimane',	12,	'streamer',	NULL,	NULL,	'{\"topicId\":\"44445592\",\"label\":\"pokimane\"}',	'{\"itemSortType\":\"asc\",\"maxContainers\":1,\"maxLive\":1}',	0,	NULL,	'25cUQfE33J.jpg',	'overlay',	'external',	NULL,	NULL,	1,	NULL,	'00:00:00',	'00:00:00',	'2023-06-29 01:04:46',	0,	0),
(392,	NULL,	NULL,	'Rainbow6',	20,	'streamer',	NULL,	NULL,	'{\"label\":\"Rainbow6\",\"topicId\":\"65171890\"}',	'{\"maxLive\":1,\"itemSortType\":\"desc\",\"maxContainers\":1}',	0,	'kOB0kav9TE.jpg',	'tuNzA6EVLJ.jpg',	'none',	'external',	NULL,	NULL,	1,	NULL,	'00:00:00',	'00:00:00',	'2023-06-29 01:04:50',	0,	0),
(393,	NULL,	NULL,	'Apex Legends',	20,	'game',	NULL,	NULL,	'{\"label\":\"Apex Legends\",\"topicId\":\"511224\"}',	'{\"maxLive\":1,\"itemSortType\":\"desc\",\"maxContainers\":1}',	0,	'C-qOnf5Zx2.jpeg',	'QcMha5k-c1.jpg',	'art',	'external',	NULL,	NULL,	1,	NULL,	'00:00:00',	'00:00:00',	'2023-06-29 01:05:11',	0,	0),
(394,	NULL,	NULL,	'Swagg',	25,	'streamer',	NULL,	NULL,	'{\"label\":\"Swagg\",\"topicId\":\"39724467\"}',	'{\"maxLive\":1,\"itemSortType\":\"asc\",\"maxContainers\":1}',	0,	NULL,	'n63VLHngbE.jpg',	'overlay',	'external',	NULL,	NULL,	1,	NULL,	'00:00:00',	'00:00:00',	'2023-06-29 01:05:11',	0,	0),
(395,	NULL,	NULL,	'League of Legends',	30,	'game',	NULL,	NULL,	'{\"label\":\"League of Legends\",\"topicId\":\"21779\"}',	'{\"maxLive\":1,\"itemSortType\":\"desc\",\"maxContainers\":1}',	0,	'exIOTP9SbS.jpeg',	'xelArNrCsp.jpg',	'art',	'external',	NULL,	NULL,	1,	NULL,	'00:00:00',	'00:00:00',	'2023-06-29 01:05:16',	0,	0),
(396,	NULL,	NULL,	'TSM_ImperialHal',	50,	'streamer',	NULL,	NULL,	'{\"label\":\"TSM_ImperialHal\",\"topicId\":\"146922206\"}',	'{\"maxLive\":1,\"itemSortType\":\"desc\",\"maxContainers\":1}',	0,	NULL,	'W30bHUQe67.jpg',	'overlay',	'external',	NULL,	NULL,	1,	NULL,	'00:00:00',	'00:00:00',	'2023-06-29 01:05:17',	0,	0),
(397,	NULL,	NULL,	'Call of Duty: Warzone',	70,	'game',	NULL,	NULL,	'{\"topicId\":\"512710\",\"label\":\"Call of Duty: Warzone\"}',	'{\"itemSortType\":\"desc\",\"maxContainers\":1,\"maxLive\":1}',	0,	NULL,	'sfJmhfBOZS.jpg',	'none',	'external',	NULL,	NULL,	1,	NULL,	'00:00:00',	'00:00:00',	'2023-06-29 01:05:18',	0,	0),
(398,	NULL,	NULL,	'Overwatch 2',	75,	'game',	NULL,	NULL,	'{\"topicId\":\"515025\",\"label\":\"Overwatch 2\"}',	'{\"itemSortType\":\"desc\",\"maxContainers\":1,\"maxLive\":1}',	0,	'ANPoNitXlJ.jpg',	'kmhAiGr2g8.jpg',	'art',	'external',	NULL,	NULL,	1,	NULL,	'00:00:00',	'00:00:00',	'2023-06-29 01:05:21',	0,	0),
(399,	NULL,	NULL,	'Rated',	100,	'streamer',	NULL,	NULL,	'{\"label\":\"Rated\",\"topicId\":\"87831939\"}',	'{\"maxLive\":1,\"itemSortType\":\"desc\",\"maxContainers\":1}',	0,	NULL,	'JVrVsL9mmX.jpg',	'overlay',	'external',	NULL,	NULL,	1,	NULL,	'00:00:00',	'00:00:00',	'2023-06-29 01:05:22',	0,	0),
(400,	NULL,	NULL,	'Call of Duty: Warzone',	125,	'game',	NULL,	NULL,	'{\"label\":\"Call of Duty: Warzone\",\"topicId\":\"512710\"}',	'{\"maxLive\":1,\"itemSortType\":\"desc\",\"maxContainers\":1}',	0,	NULL,	'WF4TaRN4yc.jpg',	'overlay',	'external',	NULL,	NULL,	1,	NULL,	'00:00:00',	'00:00:00',	'2023-06-29 01:05:31',	0,	0),
(401,	4,	NULL,	'VALORANT',	150,	'game',	NULL,	NULL,	'{\"label\":\"VALORANT\",\"topicId\":\"516575\"}',	'{\"maxLive\":1,\"itemSortType\":\"desc\",\"maxContainers\":1}',	0,	NULL,	'y0ywSd2su6.jpg',	'art',	'external',	NULL,	NULL,	1,	NULL,	'00:00:00',	'00:00:00',	'2024-07-07 23:23:54',	0,	0),
(509,	3,	NULL,	'Elden Ring',	1,	'twitch_video',	'https://www.twitch.tv/videos/2178196815',	NULL,	'{\"topicId\":null,\"label\":null}',	'{\"itemSortType\":\"asc\",\"maxContainers\":1,\"maxLive\":1}',	1,	'-v5JFIfMXH.jpeg',	NULL,	'art',	'external',	NULL,	NULL,	1,	'America/Los_Angeles',	'07:31:25',	'07:31:25',	'2023-08-31 00:16:28',	0,	0),
(512,	5,	NULL,	'uhSnow',	1,	'streamer',	NULL,	NULL,	'{\"topicId\":\"122887284\",\"label\":\"uhSnow\"}',	'{\"itemSortType\":\"asc\",\"maxContainers\":1,\"maxLive\":1}',	1,	NULL,	NULL,	'art',	'external',	NULL,	'Description',	1,	NULL,	'00:00:00',	'00:00:00',	'2023-08-03 02:37:21',	0,	0),
(523,	4,	NULL,	NULL,	1,	'youtube_video',	'https://www.youtube.com/watch?v=D9-8JuKCZgc',	NULL,	'{\"topicId\":null,\"label\":null}',	'{\"itemSortType\":\"asc\",\"maxContainers\":1,\"maxLive\":1}',	1,	NULL,	NULL,	'art',	'external',	NULL,	NULL,	1,	NULL,	'00:00:00',	'00:00:00',	'2023-08-21 04:57:54',	0,	0),
(524,	40,	NULL,	NULL,	0,	'youtube_video',	'https://www.youtube.com/watch?v=pc-9WCVKdnw&t=76s',	NULL,	'{\"topicId\":null,\"label\":null}',	'{\"itemSortType\":\"asc\",\"maxContainers\":1,\"maxLive\":1}',	1,	NULL,	NULL,	'art',	'external',	NULL,	'description',	0,	'America/Los_Angeles',	'00:00:00',	'00:00:00',	'2023-09-01 00:42:53',	0,	0),
(525,	40,	NULL,	NULL,	0,	'youtube_video',	'https://www.youtube.com/watch?v=wYsQ_UzUKuY&t=334s',	NULL,	'{\"topicId\":null,\"label\":null}',	'{\"itemSortType\":\"asc\",\"maxContainers\":1,\"maxLive\":1}',	1,	NULL,	NULL,	'art',	'external',	NULL,	'sdsdsds',	0,	'America/Los_Angeles',	'00:00:00',	'00:00:00',	'2023-09-01 00:43:40',	0,	0),
(526,	40,	NULL,	NULL,	0,	'youtube_video',	'https://www.youtube.com/watch?v=eiyk-15hvsQ',	NULL,	'{\"topicId\":null,\"label\":null}',	'{\"itemSortType\":\"asc\",\"maxContainers\":1,\"maxLive\":1}',	1,	NULL,	NULL,	'art',	'external',	NULL,	'dfdfd',	0,	'America/Los_Angeles',	'00:00:00',	'00:00:00',	'2023-09-01 00:44:14',	0,	0),
(527,	40,	NULL,	NULL,	0,	'youtube_video',	'https://www.youtube.com/watch?v=kkfehPTTmg8&t=1s',	NULL,	'{\"topicId\":null,\"label\":null}',	'{\"itemSortType\":\"asc\",\"maxContainers\":1,\"maxLive\":1}',	1,	NULL,	NULL,	'art',	'external',	NULL,	NULL,	0,	NULL,	'00:00:00',	'00:00:00',	'2023-09-01 00:44:49',	0,	0),
(528,	1,	NULL,	'sinatraa',	40,	'streamer',	NULL,	NULL,	'{\"topicId\":\"138094916\",\"label\":\"sinatraa\"}',	'{\"itemSortType\":\"asc\",\"maxContainers\":1,\"maxLive\":1}',	0,	'mWFhpwqcQl.jpg',	NULL,	'art',	'gamersx',	NULL,	NULL,	1,	NULL,	'00:00:00',	'00:00:00',	'2024-07-07 23:23:47',	0,	1),
(529,	5,	1,	NULL,	1,	'twitch_video',	'https://www.twitch.tv/videos/2184770075',	NULL,	'{\"topicId\":null,\"label\":null}',	'{\"itemSortType\":\"asc\"}',	0,	'pQQTAmiml1.png',	'Ubq5074d0p.jpg',	'art',	'gamersx',	NULL,	NULL,	1,	'Asia/Kolkata',	'01:25:00',	'23:25:00',	'2024-07-07 23:23:55',	0,	1),
(530,	4,	1,	NULL,	1,	'twitch_video',	'https://www.twitch.tv/videos/2186379343',	NULL,	'{\"topicId\":null,\"label\":null}',	'{\"itemSortType\":\"asc\"}',	0,	'iazJDcko8w.jpg',	'Iul7byArVN.jpg',	'art',	'gamersx',	NULL,	NULL,	1,	'Asia/Kolkata',	'01:39:00',	'23:39:00',	'2024-07-07 23:23:54',	0,	1);

DROP TABLE IF EXISTS `home_row_item_operation`;
CREATE TABLE `home_row_item_operation` (
  `id` int(11) NOT NULL AUTO_INCREMENT,
  `home_row_item_id` int(11) DEFAULT NULL,
  `item_type` varchar(25) NOT NULL,
  `streamer_id` varchar(255) DEFAULT NULL COMMENT 'itemType=streamer => livestreaming_id, itemType=offline_streamer => userid',
  `game_id` varchar(255) DEFAULT NULL,
  `priority` int(11) DEFAULT NULL,
  `is_whitelisted` smallint(6) DEFAULT NULL,
  `is_blacklisted` smallint(6) DEFAULT NULL,
  `is_full_site_blacklisted` smallint(6) DEFAULT NULL,
  `streamer_name` varchar(255) DEFAULT NULL,
  `game_name` varchar(255) DEFAULT NULL,
  `viewer` varchar(255) DEFAULT NULL,
  `user_id` varchar(255) DEFAULT NULL,
  PRIMARY KEY (`id`),
  KEY `IDX_7C6B6293C72EFA38` (`home_row_item_id`),
  CONSTRAINT `FK_7C6B6293C72EFA38` FOREIGN KEY (`home_row_item_id`) REFERENCES `home_row_item` (`id`)
) ENGINE=InnoDB DEFAULT CHARSET=utf8mb4 COLLATE=utf8mb4_unicode_ci;


DROP TABLE IF EXISTS `master_setting`;
CREATE TABLE `master_setting` (
  `id` int(11) NOT NULL AUTO_INCREMENT,
  `master_theme_id` int(11) DEFAULT NULL,
  `name` varchar(255) NOT NULL,
  `value` longtext DEFAULT NULL,
  PRIMARY KEY (`id`),
  KEY `IDX_435355F01AB7BA00` (`master_theme_id`),
  CONSTRAINT `FK_435355F01AB7BA00` FOREIGN KEY (`master_theme_id`) REFERENCES `master_theme` (`id`)
) ENGINE=InnoDB DEFAULT CHARSET=utf8mb4 COLLATE=utf8mb4_unicode_ci;

INSERT INTO `master_setting` (`id`, `master_theme_id`, `name`, `value`) VALUES
(1,	23,	'header_background_type',	'image'),
(2,	23,	'header_color',	'#611919'),
(3,	23,	'body_background_type',	'color'),
(4,	23,	'body_color',	'#40ce77'),
(5,	23,	'footer_background_type',	'color'),
(6,	23,	'footer_color',	'#cd1313'),
(7,	23,	'font_type',	'local'),
(8,	23,	'remote_font_url',	''),
(9,	23,	'color',	'#000000'),
(10,	23,	'numbered_row_color',	'#000000'),
(11,	23,	'numbered_row_outline_color',	'#000000'),
(12,	23,	'twitch_glow_color',	'#000000'),
(13,	23,	'youtube_glow_color',	'#000000'),
(14,	23,	'border',	'1'),
(15,	23,	'border_color',	'#000000'),
(16,	23,	'border_radius_top_left',	'1'),
(17,	23,	'border_radius_top_right',	'1'),
(18,	23,	'border_radius_bottom_right',	'1'),
(19,	23,	'border_radius_bottom_left',	'2'),
(20,	23,	'privacy_background_color',	'#610f0f'),
(21,	23,	'privacy_label_font_color',	'#ffffff'),
(22,	23,	'privacy_regular_font_color',	'#ffffff'),
(23,	23,	'arrow_color',	'#ff0a0a'),
(24,	23,	'font_family',	'Calibri,sans-serif,serif'),
(25,	19,	'header_background_type',	'color'),
(26,	19,	'header_color',	'#611919'),
(27,	19,	'body_background_type',	'color'),
(28,	19,	'body_color',	'#2c0707'),
(29,	19,	'footer_background_type',	'color'),
(30,	19,	'footer_color',	'#cd1313'),
(31,	19,	'font_type',	'local'),
(32,	19,	'remote_font_url',	''),
(33,	19,	'color',	'#000000'),
(34,	19,	'numbered_row_color',	'#000000'),
(35,	19,	'numbered_row_outline_color',	'#000000'),
(36,	19,	'twitch_glow_color',	'#000000'),
(37,	19,	'youtube_glow_color',	'#000000'),
(38,	19,	'border',	'0'),
(39,	19,	'border_color',	'#000000'),
(40,	19,	'border_radius_top_left',	'0'),
(41,	19,	'border_radius_top_right',	'0'),
(42,	19,	'border_radius_bottom_right',	'0'),
(43,	19,	'border_radius_bottom_left',	'0'),
(44,	19,	'privacy_background_color',	'#000000'),
(45,	19,	'privacy_label_font_color',	'#000000'),
(46,	19,	'privacy_regular_font_color',	'#000000'),
(47,	19,	'arrow_color',	'#000000'),
(48,	19,	'font_family',	NULL),
(49,	18,	'header_logo',	'logo_300-64f733d9d45d0-64feb5efb2e6f.png'),
(50,	18,	'header_background',	'granny-66869423613c2.jpg'),
(51,	25,	'header_background_type',	'color'),
(52,	25,	'header_color',	'#611919'),
(53,	25,	'body_background_type',	'color'),
(54,	25,	'body_color',	'#d62424'),
(55,	25,	'footer_background_type',	'color'),
(56,	25,	'footer_color',	'#31a300'),
(57,	25,	'font_type',	'local'),
(58,	25,	'remote_font_url',	''),
(59,	25,	'color',	'#000000'),
(60,	25,	'numbered_row_color',	'#000000'),
(61,	25,	'numbered_row_outline_color',	'#000000'),
(62,	25,	'twitch_glow_color',	'#000000'),
(63,	25,	'youtube_glow_color',	'#000000'),
(64,	25,	'border',	'0'),
(65,	25,	'border_color',	'#1b4e0d'),
(66,	25,	'border_radius_top_left',	'0'),
(67,	25,	'border_radius_top_right',	'0'),
(68,	25,	'border_radius_bottom_right',	'0'),
(69,	25,	'border_radius_bottom_left',	'0'),
(70,	25,	'privacy_background_color',	'#000000'),
(71,	25,	'privacy_label_font_color',	'#000000'),
(72,	25,	'privacy_regular_font_color',	'#000000'),
(73,	25,	'arrow_color',	'#000000'),
(74,	25,	'font_family',	NULL),
(75,	18,	'header_background_type',	'image'),
(76,	18,	'header_color',	'#611919'),
(77,	18,	'body_background_type',	'color'),
(78,	18,	'body_color',	'#d62424'),
(79,	18,	'footer_background_type',	'image'),
(80,	18,	'footer_color',	'#31a300'),
(81,	18,	'font_type',	'local'),
(82,	18,	'remote_font_url',	''),
(83,	18,	'color',	'#ffffff'),
(84,	18,	'numbered_row_color',	'#000000'),
(85,	18,	'numbered_row_outline_color',	'#000000'),
(86,	18,	'twitch_glow_color',	'#000000'),
(87,	18,	'youtube_glow_color',	'#000000'),
(88,	18,	'border',	'2'),
(89,	18,	'border_color',	'#e1ff00'),
(90,	18,	'border_radius_top_left',	'2'),
(91,	18,	'border_radius_top_right',	'2'),
(92,	18,	'border_radius_bottom_right',	'2'),
(93,	18,	'border_radius_bottom_left',	'2'),
(94,	18,	'privacy_background_color',	'#000000'),
(95,	18,	'privacy_label_font_color',	'#fbff00'),
(96,	18,	'privacy_regular_font_color',	'#c061cb'),
(97,	18,	'arrow_color',	'#000000'),
(98,	18,	'font_family',	'sans-serif'),
(99,	24,	'header_logo',	'logo-64f06b63d34a9-64f1c6e26deb4.png'),
(100,	18,	'footer_background',	'triangles-1430105_1920 (1)-64fef9edd6236.png'),
(101,	18,	'body_background',	'digitization-5231610_1280-64ff0257837ff.jpeg'),
(102,	18,	'mobile_embed_height',	'0');

DROP TABLE IF EXISTS `master_theme`;
CREATE TABLE `master_theme` (
  `id` int(11) NOT NULL AUTO_INCREMENT,
  `name` varchar(255) NOT NULL,
  `status` smallint(6) DEFAULT NULL,
  PRIMARY KEY (`id`)
) ENGINE=InnoDB DEFAULT CHARSET=utf8mb4 COLLATE=utf8mb4_unicode_ci;

INSERT INTO `master_theme` (`id`, `name`, `status`) VALUES
(18,	'Default',	1),
(19,	'Theme 1',	0),
(20,	'ABC',	0),
(21,	'Default XYZ',	0),
(22,	'XYZ',	0),
(23,	'dg fgfgfgfgfg',	0),
(24,	'32132454',	0),
(25,	'Theme',	0);

DROP TABLE IF EXISTS `partner`;
CREATE TABLE `partner` (
  `id` int(11) NOT NULL AUTO_INCREMENT,
  `name` varchar(255) NOT NULL,
  PRIMARY KEY (`id`)
) ENGINE=InnoDB DEFAULT CHARSET=utf8mb4 COLLATE=utf8mb4_unicode_ci;

INSERT INTO `partner` (`id`, `name`) VALUES
(1,	'Demo Partner 1');

DROP TABLE IF EXISTS `partner_role`;
CREATE TABLE `partner_role` (
  `id` int(11) NOT NULL AUTO_INCREMENT,
  `partner_id` int(11) NOT NULL,
  `user_id` int(11) NOT NULL,
  `role` varchar(255) NOT NULL,
  PRIMARY KEY (`id`),
  KEY `IDX_75DB9729393F8FE` (`partner_id`),
  KEY `IDX_75DB972A76ED395` (`user_id`),
  CONSTRAINT `FK_75DB9729393F8FE` FOREIGN KEY (`partner_id`) REFERENCES `partner` (`id`),
  CONSTRAINT `FK_75DB972A76ED395` FOREIGN KEY (`user_id`) REFERENCES `user` (`id`)
) ENGINE=InnoDB DEFAULT CHARSET=utf8mb4 COLLATE=utf8mb4_unicode_ci;

INSERT INTO `partner_role` (`id`, `partner_id`, `user_id`, `role`) VALUES
(1,	1,	1,	'ROLE_PARTNER_ADMIN');

DROP TABLE IF EXISTS `site_settings`;
CREATE TABLE `site_settings` (
  `id` int(11) NOT NULL AUTO_INCREMENT,
  `disable_home_access` tinyint(1) NOT NULL DEFAULT 1,
  PRIMARY KEY (`id`)
) ENGINE=InnoDB DEFAULT CHARSET=utf8mb4 COLLATE=utf8mb4_unicode_ci;

INSERT INTO `site_settings` (`id`, `disable_home_access`) VALUES
(1,	0);

DROP TABLE IF EXISTS `theme`;
CREATE TABLE `theme` (
  `id` int(11) NOT NULL AUTO_INCREMENT,
  `topic_id` varchar(32) NOT NULL,
  `label` varchar(255) DEFAULT NULL,
  `item_type` varchar(32) NOT NULL,
  `banner_image` varchar(255) DEFAULT NULL,
  `embed_background` varchar(255) DEFAULT NULL,
  `custom_art` varchar(255) DEFAULT NULL,
  `art_background` varchar(255) DEFAULT NULL,
  `updated_at` datetime DEFAULT NULL,
  PRIMARY KEY (`id`)
) ENGINE=InnoDB DEFAULT CHARSET=utf8mb4 COLLATE=utf8mb4_unicode_ci;

INSERT INTO `theme` (`id`, `topic_id`, `label`, `item_type`, `banner_image`, `embed_background`, `custom_art`, `art_background`, `updated_at`) VALUES
(1,	'732',	'Demon\'s Crest',	'game',	'fDZAUy_U6L.jpg',	'hero-bg-1-668283b074351356601846.png',	'cool-geometric-triangular-figure-neon-laser-light-great-backgrounds-wallpapers-668283b6d8b6d502862861.jpg',	NULL,	'2024-07-01 03:23:54');

DROP TABLE IF EXISTS `user`;
CREATE TABLE `user` (
  `id` int(11) NOT NULL AUTO_INCREMENT,
  `username` varchar(180) NOT NULL,
  `roles` longtext CHARACTER SET utf8mb4 COLLATE utf8mb4_bin NOT NULL CHECK (json_valid(`roles`)),
  `password` varchar(255) NOT NULL,
  `twitch_user_id` varchar(255) NOT NULL,
  `twitch_access_token` varchar(500) NOT NULL,
  `twitch_refresh_token` varchar(500) NOT NULL,
  PRIMARY KEY (`id`),
  UNIQUE KEY `UNIQ_IDENTIFIER_USERNAME` (`username`)
) ENGINE=InnoDB DEFAULT CHARSET=utf8mb4 COLLATE=utf8mb4_unicode_ci;

INSERT INTO `user` (`id`, `username`, `roles`, `password`, `twitch_user_id`, `twitch_access_token`, `twitch_refresh_token`) VALUES
(1,	'admin',	'[\"ROLE_SUPER_ADMIN\", \"ROLE_ADMIN\", \"ROLE_MODERATOR\", \"ROLE_USER\", \"ROLE_LOGIN_ALLOWED\"]',	'$2y$10$xywULuQuc2VjfOTJAcnvjeipmN2EcPajeQbhFTVzkDLX7LgWHDz0m',	'',	'',	'');

-- 2024-07-08 07:01:02
